﻿1,2,3,4,5,6,7,8,9,10,11,12,13,14,15,16,17,18,19,20,21,22,23
Track ID,Track Name,Album Name,Artist Name(s),Release Date,Added By,Added At,Genres,Record Label,Duration (ms),Popularity,Danceability,Energy,Key,Loudness,Mode,Speechiness,Acousticness,Instrumentalness,Liveness,Valence,Tempo,Time Signature
7BHPGtpuuWWsvE7cCaMuEU,Naive,Inside In / Inside Out,The Kooks,1/1/2006,jaswills1000,2016-03-06T00:06:32Z,"indie,indie rock",Virgin Records,203506,77,0.394,0.808,8,-6.209,0,0.0853,0.0759,0,0.149,0.736,100.649,4
75ARkUKb54dQ86YezuoNhn,Hate To Say I Told You So,Veni Vidi Vicious,The Hives,2000,jaswills1000,2016-03-06T00:17:52Z,garage rock,Burning Heart Records/Epitaph,199733,1,0.447,0.9,5,-6.741,1,0.0578,0.00114,0.00596,0.47,0.39,135.861,4
5PZK7nZBsKjSkXDszKrJ1W,Hard to Beat,Stars Of CCTV,Hard-Fi,7/12/2005,jaswills1000,2016-03-06T00:22:45Z,britpop,Atlantic Records UK,253306,54,0.557,0.833,10,-4.559,1,0.0663,0.00226,0.00000325,0.161,0.815,125.205,4
2LuJkoxMlLQshNTVa8oCXW,Valerie,Tired Of Hanging Around,The Zutons,2006,jaswills1000,2016-03-06T00:17:08Z,,Deltasonic,236266,55,0.342,0.873,5,-3.152,0,0.0414,0.0188,0.0000219,0.164,0.85,168.74,4
0yEhNqCwEfy8LHUmnZoHpP,Bohemian Like You,Thirteen Tales From Urban Bohemia,The Dandy Warhols,1/1/2000,jaswills1000,2016-03-06T00:20:42Z,,Capitol Records,211706,4,0.584,0.931,9,-6.158,1,0.0344,0.00315,0.772,0.133,0.694,131.275,4
6AzQZJLLmEUFurwExaWNjd,Reptilia,Room On Fire,The Strokes,10/20/2003,jaswills1000,2016-03-06T00:22:58Z,"garage rock,indie rock,alternative rock",Rough Trade,221600,0,0.49,0.645,9,-5.108,1,0.0335,0.000578,0.747,0.0916,0.792,158.027,4
7kcyCnpHm1BZGB9Wc7MCZH,Golden Skans,Myths Of The Near Future,Klaxons,2007,jaswills1000,2016-03-06T00:18:45Z,"new rave,alternative dance,indie",Polydor,165120,0,0.463,0.836,2,-2.776,0,0.0381,0.000418,0.00000738,0.25,0.713,141.955,4
3M0YwlWNPX8cfWQjYsXTpu,Don't Look Back into the Sun,Time for Heroes - The Best of The Libertines,The Libertines,10/29/2007,jaswills1000,2016-03-06T00:13:35Z,"britpop,indie,indie rock,garage rock",Rough Trade,178266,0,0.237,0.842,0,-4.05,0,0.093,0.00561,0.000882,0.294,0.602,89.744,4
2BodCfcjTxsHSoQq6uFBlJ,Dreaming of You,The Coral,The Coral,7/22/2002,jaswills1000,2016-03-06T00:17:17Z,britpop,Deltasonic,141000,0,0.441,0.684,9,-7.495,0,0.031,0.374,0.000848,0.108,0.971,199.001,4
5A1FmxbYVRZKy4nc16MAue,Sex on Fire,Only By The Night,Kings of Leon,9/23/2008,jaswills1000,2016-03-06T00:18:58Z,modern rock,RCA Records Label,203346,72,0.542,0.905,9,-5.653,1,0.054,0.00172,0.0104,0.136,0.374,153.398,4
79RUMZfMNMpqZnswovvTqv,Wonderwall,(What's the Story) Morning Glory?,Oasis,10/2/1995,jaswills1000,2016-03-06T00:19:08Z,"britpop,madchester,rock",Big Brother,258906,2,0.412,0.844,2,-5.613,1,0.037,0.00214,0,0.134,0.459,174.452,4
4F64QXRV1EGHSm5jIeMmcQ,Song 2,Blur,Blur,1997,jaswills1000,2016-03-06T00:20:24Z,"britpop,madchester,alternative rock",Parlophone,121306,3,0.658,0.726,8,-7.51,1,0.0856,0.00211,0.00229,0.0922,0.874,129.715,4
1bCmvezFg5MRcENzCGG1Cy,Chelsea Dagger,Costello Music,The Fratellis,1/1/2006,jaswills1000,2016-03-06T00:12:42Z,,Universal-Island Records Ltd.,215306,70,0.511,0.815,7,-3.14,1,0.144,0.0491,0,0.0826,0.586,154.514,4
0IOgCgSDoRBHK9uNTpJnbx,Dakota,Language.Sex.Violence.Other?,Stereophonics,1/1/2005,jaswills1000,2016-03-06T00:17:26Z,britpop,Universal Music Group,297426,1,0.506,0.93,4,-3.499,1,0.0675,0.129,0.00682,0.0931,0.305,146.994,4
4QlGmrsVUqVDJb0VHhhjF8,Monster,Not Accepted Anywhere (international version),The Automatic,1/1/2006,jaswills1000,2016-03-06T00:20:32Z,,Polydor,221680,0,0.54,0.89,4,-3.828,0,0.0306,0.000286,0.00000555,0.121,0.563,141.479,4
75D3n6wnFQmu1HVmLAlWM4,I Predict A Riot,Employment,Kaiser Chiefs,2005,jaswills1000,2016-03-06T00:20:17Z,"britpop,indie rock",Polydor Records,233186,68,0.395,0.979,8,-3.241,1,0.0766,0.0243,0,0.12,0.41,158.842,4
0S7zL7ae0KpOSPKeFQpHo8,I Bet You Look Good On The Dancefloor,"Whatever People Say I Am, That's What I'm Not",Arctic Monkeys,2006,jaswills1000,2016-03-06T00:10:25Z,"indie,garage rock",Domino Recording Co,173680,1,0.535,0.948,6,-4.19,0,0.0356,0.00225,0,0.376,0.778,103.183,4
74EV0g12ihUoOUXMprFpZB,Losing My Religion,Out Of Time (U.S. Version),R.E.M.,1/1/1991,jaswills1000,2015-12-04T17:28:46Z,"jangle pop,alternative rock,rock",Warner Bros.,267733,3,0.672,0.841,9,-5.992,0,0.0285,0.0767,0,0.135,0.82,125.437,4
0ancVQ9wEcHVd0RrGICTE4,Take Me Out,Franz Ferdinand,Franz Ferdinand,2/16/2004,jaswills1000,2016-03-06T00:10:35Z,indie rock,Domino Recording Co,237026,5,0.279,0.664,9,-8.851,1,0.0371,0.000389,0.000655,0.133,0.49,104.56,4
7kzKAuUzOITUauHAhoMoxA,Last Nite,Is This It,The Strokes,7/30/2001,jaswills1000,2016-03-06T00:10:58Z,"garage rock,indie rock,alternative rock",RCA Records Label,193506,75,0.624,0.91,0,-5.703,1,0.0297,0.0285,0.000198,0.0789,0.767,104.042,4
32lF1rsInDTdK6Av3KdfaY,You Get What You Give,Maybe You've Been Brainwashed Too,New Radicals,1/1/1998,jaswills1000,2015-12-04T17:29:30Z,,Geffen,300773,1,0.621,0.901,2,-5.396,1,0.0302,0.17,0,0.0875,0.744,113.967,4
7xl2ZaOnKAxJyrkIQe2S43,Tick Tick Boom,The Black and White album,The Hives,1/1/2007,jaswills1000,2016-03-06T01:04:13Z,garage rock,Polydor Records,205386,58,0.564,0.834,0,-3.121,1,0.117,0.00036,0.00000492,0.273,0.478,135.074,4
3m6KkYKdnbffMpGd9Pm9FP,Seven Nation Army,Elephant,The White Stripes,4/1/2003,jaswills1000,2016-03-06T00:13:06Z,"garage rock,blues rock,rock,alternative rock",XL Recordings,231920,7,0.745,0.466,4,-7.62,0,0.0864,0.00666,0.35,0.272,0.303,123.889,4
10ViidwjGLCfVtGPfdcszR,Home,Up From Below,Edward Sharpe & The Magnetic Zeros,7/13/2009,jaswills1000,2016-03-06T00:17:43Z,,Rough Trade,306320,1,0.545,0.59,2,-6.693,1,0.0327,0.32,0.000389,0.124,0.127,111.739,4
48UPSzbZjgc449aqz8bxox,Californication,Californication (Deluxe Edition),Red Hot Chili Peppers,6/8/1999,jaswills1000,2015-12-04T17:35:35Z,"funk rock,alternative rock,rock",Warner Records,329733,84,0.592,0.767,9,-2.788,0,0.027,0.0021,0.00165,0.127,0.328,96.483,4
5dKBaysNJtfpyNTRa5lqDb,A-Punk,Vampire Weekend,Vampire Weekend,1/27/2008,jaswills1000,2016-03-06T00:09:21Z,"indie,baroque pop",XL Recordings,137760,10,0.551,0.821,2,-4.489,1,0.0539,0.0102,0.0438,0.153,0.842,174.923,4
0N5x5UmYcbBeHFJtCCqf62,Ruby,"Yours Truly, Angry Mob",Kaiser Chiefs,1/1/2007,jaswills1000,2016-03-06T00:19:25Z,"britpop,indie rock",Universal Music Group,204200,6,0.451,0.939,5,-2.82,0,0.0512,0.00673,0.00000485,0.0774,0.448,93.416,4
0LEoCPq4QlV2h41Fm5ENJ3,Common People,Different Class / Deluxe Edition,Pulp,10/30/1995,jaswills1000,2016-03-06T00:19:56Z,"britpop,madchester",Universal Music Group,350373,0,0.319,0.839,0,-7.341,1,0.0404,0.00596,0.0000799,0.0764,0.538,144.938,4
1DUAdmPHJHx7hKhvXnv8Un,You Cant Always Get What You Want,The Best Of The Phantoms Vol I,The Phantoms,12/24/2015,jaswills1000,2016-02-23T13:15:52Z,doo-wop,The Phantoms,355678,27,0.299,0.747,0,-5.99,1,0.0427,0.104,0.0017,0.506,0.399,172.721,4
3skn2lauGk7Dx6bVIt5DVj,Starlight,Black Holes and Revelations,Muse,6/19/2006,jaswills1000,2016-03-06T00:57:05Z,"alternative rock,rock",Warner Records,240213,77,0.55,0.874,4,-4.046,1,0.0321,0.000436,0.0000102,0.206,0.318,121.61,4
529G1pCCLzpb2v7R5fzTaL,Sit Down,True 90s (3 CD Set),James,1/1/2006,jaswills1000,2015-12-04T17:48:24Z,"madchester,britpop",Universal Music Taiwan,245040,0,0.562,0.858,4,-5.739,1,0.0319,0.124,0.0000258,0.167,0.663,126.081,4
1t8uwF2zfqsqy0s4EtWDrS,Cry Baby,Tell Me I'm Pretty,Cage The Elephant,12/18/2015,jaswills1000,2016-03-06T01:01:36Z,modern rock,RCA Records Label,247240,50,0.445,0.847,2,-6.632,1,0.0435,0.00414,0.0875,0.207,0.448,143.766,4
37cePslhYKPgEidXgJAyYb,The Day We Caught The Train,True 90s (3 CD Set),Ocean Colour Scene,1/1/2006,jaswills1000,2015-12-04T17:48:40Z,"britpop,madchester",Universal Music Taiwan,192053,0,0.524,0.683,2,-7.48,1,0.0391,0.0855,0,0.2,0.521,89.109,4
7Cx47Rw6WOF16X6kI76D26,Good Enough - Single Version,True 90s (3 CD Set),Dodgy,1/1/2006,jaswills1000,2015-12-04T17:48:51Z,"britpop,madchester",Universal Music Taiwan,238533,0,0.575,0.951,0,-7.194,1,0.0533,0.000615,0.000701,0.371,0.79,111.749,4
6NJ9VSLlx6tRnimJNaE3OA,What Do You Want From Me?,True 90s (3 CD Set),Monaco,1/1/2006,jaswills1000,2015-12-04T17:49:21Z,"madchester,britpop",Universal Music Taiwan,228786,0,0.448,0.948,9,-7.057,0,0.0444,0.0000316,0.0147,0.212,0.646,149.532,4
5GtLdIPIO2tDHCOMHE0gcz,Cats In The Cradle,True 90s (3 CD Set),Ugly Kid Joe,1/1/2006,jaswills1000,2015-12-04T17:55:09Z,glam metal,Universal Music Taiwan,242280,0,0.492,0.5,8,-10.026,1,0.0319,0.156,0.00000867,0.0832,0.399,75.922,4
5zvGgGPLFLAGvHB1Ckykf6,Give It Away,Blood Sugar Sex Magik,Red Hot Chili Peppers,9/24/1991,jaswills1000,2016-02-10T09:01:53Z,"funk rock,alternative rock,rock",Warner Bros.,284266,0,0.683,0.989,9,-2.092,0,0.0616,0.00579,0.00108,0.0965,0.781,91.558,4
3dOAXUx7I1qnzWzxdnsyB8,Lonely Boy,Lonely Boy,The Black Keys,10/26/2011,jaswills1000,2016-03-06T01:12:56Z,"blues rock,garage rock,modern blues,rock",Nonesuch,193653,52,0.356,0.872,2,-7.837,1,0.068,0.00417,0.00975,0.0997,0.607,166.3,4
0X0Lz7LwpiIWcdGqVWaxXD,Mess Around,Tell Me I'm Pretty,Cage The Elephant,12/18/2015,jaswills1000,2016-03-06T01:01:48Z,modern rock,RCA Records Label,173173,58,0.423,0.931,11,-5.225,0,0.0539,0.0119,0.00104,0.629,0.61,150.385,4
4L3sku3mPh6uWGNA63VCgu,Mr. Brightside,Hot Fuss (International Version Ecopac),The Killers,6/15/2004,jaswills1000,2016-03-06T00:10:14Z,alternative rock,Universal Music Group International,222106,1,0.352,0.928,1,-3.71,1,0.0758,0.00113,0,0.0987,0.239,148.026,4
5xC8uOesnn0udeXAYlAnoY,Alright,I Should Coco,Supergrass,5/15/1995,jaswills1000,2016-03-06T00:20:56Z,britpop,Echo,180880,6,0.467,0.958,4,-4.808,0,0.0775,0.000479,0.199,0.299,0.701,145.92,4
2takcwOaAZWiXQijPHIx7B,Time is Running Out,Absolution,Muse,3/23/2004,jaswills1000,2016-03-06T00:58:11Z,"alternative rock,rock",Warner Records,237039,5,0.585,0.842,9,-5.883,0,0.0556,0.00242,0.00686,0.0866,0.428,118.211,4
0lYRAsWNDdUhGMftqH0RVG,Sister Of Pearl,The Names,Baio,9/18/2015,jaswills1000,2016-03-06T01:00:31Z,,Glassnote Entertainment Group LLC,253439,0,0.731,0.675,5,-7.288,1,0.0412,0.0818,0.168,0.201,0.947,125.044,4
4dpEYOPcmHNfvERbiajp3G,Sweetie Little Jean,Tell Me I'm Pretty,Cage The Elephant,12/18/2015,jaswills1000,2016-03-06T01:03:45Z,modern rock,RCA Records Label,224893,56,0.524,0.532,6,-6.07,0,0.026,0.0285,0.0000786,0.242,0.367,135.678,4
1hMNP1KBhUj09Q51JechbW,Main Offender,Veni Vidi Vicious,The Hives,2000,jaswills1000,2016-03-06T01:04:30Z,garage rock,Burning Heart Records/Epitaph,153160,0,0.43,0.954,0,-4.541,1,0.105,0.261,0.00262,0.155,0.79,135.96,4
6etTGUYDxGHcqHYI4xBr1w,Live Forever,Definitely Maybe,Oasis,8/29/1994,jaswills1000,2016-03-06T01:06:56Z,"britpop,madchester,rock",Big Brother,276866,0,0.143,0.781,9,-5.442,0,0.0354,0.0000126,0.00000709,0.371,0.229,90.063,4
4KIHjEYU1XLuS355XCKLvO,Love Will Tear Us Apart,Substance,Joy Division,1988,jaswills1000,2016-03-06T01:07:15Z,"post-punk,new wave,darkwave,madchester,cold wave",Warner Bros.,206866,0,0.443,0.956,2,-6.198,1,0.0511,0.0000524,0.825,0.135,0.909,146.754,4
2iuIqCjjPKg3DYwHHAo0kJ,When The Sun Goes Down,When The Sun Goes Down,Arctic Monkeys,1/16/2006,jaswills1000,2016-03-06T01:09:02Z,"indie,garage rock",Domino Records,212666,0,0.35,0.877,11,-4.707,0,0.127,0.0333,0,0.0825,0.417,169.694,4
3cOoG6DKREfhlQ2kKtYmk8,In the Morning,The Best Of,The Coral,8/30/2010,jaswills1000,2016-03-06T01:05:48Z,britpop,Sony Music UK,153160,25,0.646,0.809,6,-5.314,0,0.0284,0.0201,0,0.0536,0.966,126.281,4
71D4LseR0RADPbyvMeTIHR,Can't Stand Me Now,The Libertines,The Libertines,2004,jaswills1000,2016-03-06T01:10:31Z,"britpop,indie,indie rock,garage rock",Rough Trade,203733,0,0.368,0.935,4,-3.204,1,0.0587,0.0111,0.00201,0.0948,0.558,164.425,4
5wx5aqVGgv1jWLoGFKFdWM,Club Foot,Kasabian,Kasabian,9/4/2004,jaswills1000,2016-03-06T01:11:36Z,"britpop,indie,indie rock",RCA Records Label,214373,39,0.238,0.919,0,-6.893,1,0.0816,0.0257,0.0000231,0.0914,0.123,101.752,4
5xoUgPXbMNUmoHU0Enwtwq,She Moves In Her Own Way,Inside In / Inside Out,The Kooks,1/1/2006,jaswills1000,2016-03-06T01:12:05Z,"indie,indie rock",Virgin Records,169306,73,0.403,0.803,7,-5.363,1,0.0626,0.239,0,0.103,0.814,153.314,4
5MSKj7wpVQqSYsnEz1SaTr,Fell In Love With a Girl,White Blood Cells,The White Stripes,7/3/2001,jaswills1000,2016-03-06T01:12:49Z,"garage rock,blues rock,rock,alternative rock",XL Recordings,110093,0,0.213,0.977,0,-1.648,1,0.161,0.673,0.0000998,0.849,0.356,90.403,4
0qjZrmaFF5h6oQlolBCiUM,Don't Look Back In Anger,[What's The Story] Morning Glory,Oasis,10/2/1995,jaswills1000,2016-03-06T01:14:30Z,"britpop,madchester,rock",Big Brother,287786,0,0.351,0.916,0,-3.603,1,0.0692,0.0312,0.00000551,0.134,0.241,163.931,4
5bWLIVKl5UrbQ2xEGfAXOK,The Day We Caught The Train,Songs For The Front Row - The Best Of Ocean Colour Scene,Ocean Colour Scene,1/1/2001,jaswills1000,2016-03-06T01:50:24Z,"britpop,madchester",Universal-Island Records Ltd.,191640,43,0.521,0.727,2,-6.193,1,0.0388,0.0876,0,0.237,0.566,88.983,4
4cdIxUz8Y7yrS3ySgAXheW,Just a Day,The Singles,Feeder,2006,jaswills1000,2016-03-06T01:36:37Z,britpop,BMG,225093,0,0.24,0.98,4,-1.274,1,0.105,0.00275,0.00249,0.133,0.373,187.24,4
7psPPGwhFzP3pyOcb3ivcT,Unbelievers,Modern Vampires of the City,Vampire Weekend,5/27/2013,jaswills1000,2016-03-06T02:12:45Z,"indie,baroque pop",XL,202666,1,0.644,0.811,11,-7.681,1,0.0499,0.142,0.000629,0.169,0.831,154.903,4
5JAhtB4S0NrArDlH9knyPU,Handbags And Gladrags,Decade In The Sun - Best Of Stereophonics (Deluxe),"Stereophonics,Jools Holland & His Rhythm And Blues Orchestra",1/1/2008,jaswills1000,2016-03-06T01:58:17Z,britpop,Universal Music Group,279373,0,0.344,0.687,3,-5.28,1,0.0311,0.0287,0.00068,0.178,0.193,134.503,4
75Ii3Myt6vRsbjzaTbwDQt,You Stole the Sun from My Heart,This Is My Truth Tell Me Yours,Manic Street Preachers,9/14/1998,jaswills1000,2016-03-06T01:46:37Z,britpop,Epic,260506,50,0.618,0.832,9,-8.015,1,0.0333,0.0000883,0.0000901,0.183,0.374,117.987,4
1QFh8OH1e78dGd3VyJZCAC,Boys Don't Cry,Three Imaginary Boys,The Cure,5/11/1979,jaswills1000,2016-03-06T01:33:00Z,"new wave,post-punk,darkwave",UMC (Universal Music Catalogue),155973,77,0.462,0.836,11,-5.766,0,0.0621,0.00517,0,0.18,0.671,168.766,4
6gkgXsymOQxsxGVbG1iXbv,Black And White Town,The Places Between : The Best Of Doves,Doves,1/1/2010,jaswills1000,2016-03-06T01:34:33Z,"britpop,madchester",Virgin Records,255693,46,0.375,0.843,1,-4.982,1,0.0342,0.000382,0.00181,0.0951,0.228,172.167,4
1oPg2EYKf2hbS7aDyE8j3S,The Riverboat Song,Songs For The Front Row - The Best Of Ocean Colour Scene,Ocean Colour Scene,1/1/2001,jaswills1000,2016-03-06T01:50:30Z,"britpop,madchester",Universal-Island Records Ltd.,298640,42,0.478,0.862,11,-5.513,0,0.0269,0.00942,0.0000128,0.0756,0.608,106.295,3
3D0HzwuKEYmVePVqU4fcPX,Rocks,Dirty Hits - Limited Edition,"Primal Scream,George Drakoulias",2003,jaswills1000,2016-03-06T01:52:05Z,"madchester,britpop,alternative dance",Sony Music UK,215066,0,0.635,0.781,7,-6.045,1,0.0341,0.0000874,0.00153,0.0412,0.926,127.706,4
4uONr3H4dj82vr4Bt5xXF0,Poor Misguided Fool,Love Is Here,Starsailor,10/8/2001,jaswills1000,2016-03-06T01:57:20Z,britpop,Parlophone UK,231533,46,0.658,0.726,1,-7.728,0,0.0272,0.117,0.0000303,0.0603,0.968,116.424,4
1Q8reqCOXg2yqNr47HGo9X,Norgaard,What Did You Expect from the Vaccines?,The Vaccines,3/11/2011,jaswills1000,2016-03-06T02:12:21Z,"indie,indie rock",Columbia,98400,0,0.323,0.847,11,-4.716,1,0.0348,0.00000512,0.0208,0.25,0.859,173.914,4
0UgHw2x3Nnocajvx62noEn,Living for the Weekend,Stars Of CCTV,Hard-Fi,7/12/2005,jaswills1000,2016-03-06T03:14:02Z,britpop,Atlantic Records UK,222293,51,0.516,0.854,8,-3.936,1,0.0572,0.0000204,0.0032,0.226,0.534,130.02,4
6y20BV5L33R8YXM0YuI38N,No One Knows,Songs For The Deaf,Queens of the Stone Age,1/1/2002,jaswills1000,2016-03-06T03:21:24Z,"stoner rock,alternative rock",Polydor Associated Labels,278746,73,0.509,0.584,0,-4.907,1,0.057,0.0368,0.0000996,0.384,0.685,170.411,4
1xDPUKoyQuIiea7Le9ZNgn,Somewhere Else,Up All Night,Razorlight,2004,jaswills1000,2016-03-06T03:29:11Z,"indie,britpop",EMI,196546,50,0.362,0.917,6,-3.003,0,0.0496,0.0725,0.0000154,0.0938,0.477,156.09,4
0fq6RECyo9WRq8zGREAeT8,Shining Light,THE BEST EVER: Road Trip,Ash,7/17/2015,jaswills1000,2016-03-09T18:10:37Z,"britpop,power pop",Rhino,309013,0,0.482,0.934,2,-3.486,1,0.0452,0.0000155,0.00204,0.108,0.526,106.616,4
2B1tOgoXOPQHj9p82LPQO2,I'm a Cuckoo,Dear Catastrophe Waitress,Belle and Sebastian,10/6/2003,jaswills1000,2016-03-14T13:01:19Z,"chamber pop,baroque pop",Rough Trade,326173,0,0.552,0.646,6,-7.483,1,0.0301,0.181,0.00000179,0.111,0.747,147.486,4
5yEPxDjbbzUzyauGtnmVEC,Bitter Sweet Symphony,Urban Hymns,The Verve,9/29/1997,jaswills1000,2015-12-04T17:30:16Z,"britpop,shoegaze",Hut,358426,5,0.389,0.889,9,-6.546,1,0.0442,0.0415,0,0.463,0.524,171.121,4
3GpdNg7Krt9vjc6tgDoKe1,Breakfast At Tiffany's,Home,Deep Blue Something,1/1/1995,jaswills1000,2015-12-04T17:30:41Z,,Interscope,257186,1,0.624,0.826,2,-5.534,1,0.0287,0.113,0,0.0938,0.526,110.368,4
4UCTgh5jvtqoaMX6MAhUNn,Personal Jesus - Single Version,The Singles 86-98,Depeche Mode,9/28/1998,jaswills1000,2015-12-04T17:31:58Z,"new wave,synthpop,darkwave",Venusnote Ltd.,224933,71,0.673,0.899,11,-3.528,1,0.0434,0.0911,0.0172,0.0481,0.793,129.885,4
6JGQ98So2ik5GVI9ydQ2Yh,Don't Speak,The Singles Collection,No Doubt,1/1/2003,jaswills1000,2015-12-04T17:32:13Z,,Interscope,262746,61,0.507,0.752,5,-5.439,0,0.0343,0.251,0.000021,0.142,0.554,76.071,4
1WYEDcS7WGjv0rG7rmMX3o,Bitter Sweet Symphony,This Is Music: The Singles 92-98,The Verve,1/1/2004,jaswills1000,2016-03-06T00:20:50Z,"britpop,shoegaze",Virgin Records,359546,65,0.356,0.913,9,-6.015,1,0.0499,0.0339,0,0.221,0.537,171.157,4
7fI96JHMnvd3Ft70Zzv74G,Stupid Girl,Garbage,Garbage,1995,jaswills1000,2015-12-04T17:36:31Z,,Stunvolume,258533,0,0.617,0.721,11,-6.889,1,0.0305,0.00548,0.000637,0.0645,0.765,119.961,4
305WCRhhS10XUcH6AEwZk6,Are You Gonna Be My Girl,Get Born,Jet,2003,jaswills1000,2016-03-06T00:10:45Z,,BMG Rights Management (US) LLC,213800,30,0.606,0.957,2,-3.404,1,0.0814,0.00117,0.000295,0.14,0.603,105.105,4
3MjrueDQKVr6xDDseZwhEd,Figure It Out,Royal Blood,Royal Blood,8/18/2014,jaswills1000,2016-03-06T00:54:52Z,"modern rock,garage rock,rock",Warner Records,183602,66,0.658,0.814,0,-4.631,1,0.0559,0.229,0.00653,0.216,0.691,108.018,4
4b8GTae6rqb9oPiRzVa3Gy,Loser,Mellow Gold,Beck,3/1/1994,jaswills1000,2016-02-09T10:54:00Z,,Universal Music Group,234960,0,0.595,0.617,6,-10.455,0,0.117,0.0343,0.000135,0.383,0.823,85.387,4
7gaAt6OHP7rMzWSQCPcqN5,One Of Us,Drivetime,Joan Osborne,1/1/2003,jaswills1000,2016-02-09T10:54:16Z,,Universal Music,316160,0,0.488,0.417,9,-10.775,1,0.0251,0.00726,0.0000104,0.136,0.418,87.634,4
0hCW6LbmFCYwM1uGmnjjNe,Karma Police,The Best Of,Radiohead,4/7/2008,jaswills1000,2016-02-09T10:54:22Z,"art rock,alternative rock",Parlophone UK,261640,0,0.41,0.53,7,-8.685,1,0.0271,0.0874,0.000223,0.137,0.341,74.923,4
7fGwROu7fgPGy0Ru8Q5nBJ,One,U218 Singles (Deluxe Version),U2,1/1/2006,jaswills1000,2016-02-09T10:55:33Z,rock,Universal Music Group,275400,0,0.556,0.616,0,-5.76,1,0.0275,0.242,0.00137,0.148,0.286,90.759,4
45Ia1U4KtIjAPPU7Wv1Sea,Are You Gonna Go My Way,Are You Gonna Go My Way,Lenny Kravitz,3/9/1993,jaswills1000,2016-02-09T10:55:39Z,,Virgin Records,211933,75,0.619,0.67,11,-10.322,0,0.0353,0.00165,0.0109,0.331,0.777,129.269,4
22HYEJveCvykVDHDiEEmjZ,Tubthumping,Tubthumper,Chumbawamba,9/1/1997,jaswills1000,2016-02-09T10:56:07Z,,EMI,278778,71,0.348,0.88,2,-7.366,1,0.0978,0.128,0,0.357,0.606,101.185,4
6Nabz5Gsy80XL0MJoOmgF8,Beds Are Burning - Remastered,20000 Watt RSL - The Midnight Oil Collection,Midnight Oil,1997,jaswills1000,2016-02-09T11:24:44Z,surf rock,Columbia,258173,59,0.754,0.496,0,-8.7,1,0.0351,0.00539,0.000152,0.0871,0.341,119.186,4
75aLTVBSGIquqzQ6AkmK3Q,Smells Like Teen Spirit,Nevermind,Nirvana,9/26/1991,jaswills1000,2016-02-10T08:34:34Z,"grunge,rock",Geffen,301920,50,0.502,0.912,1,-4.556,1,0.0564,0.0000255,0.000173,0.106,0.72,116.761,4
6f5X3rKfj4l4EdiS9buW0p,I Miss You,I Miss You (International Version),blink-182,1/1/2003,jaswills1000,2016-02-10T09:42:43Z,"pop punk,punk,emo pop,rock,skate punk,emo",Geffen,228253,0,0.655,0.768,11,-6.476,1,0.0345,0.00096,0.00000762,0.0835,0.614,110.032,4
7mAF2MJdbNT75VrVcgwT6F,Hounds of Love,The Futureheads (new version),The Futureheads,6/28/2004,jaswills1000,2016-03-06T00:21:14Z,,Rhino Atlantic,182680,49,0.36,0.895,9,-3.795,1,0.117,0.0329,0.00000118,0.06,0.424,168.214,4
5VF63TxgXi22VHXTkHpMVU,Steal My Sunshine,90s 100 Hits,LEN,11/28/2014,jaswills1000,2016-02-10T08:40:04Z,,Legacy Recordings,265533,36,0.378,0.812,4,-11.499,1,0.493,0.407,0,0.107,0.68,192.167,4
5UWwZ5lm5PKu6eKsHAGxOk,Everlong,The Colour And The Shape,Foo Fighters,5/20/1997,jaswills1000,2016-02-10T09:01:45Z,"rock,post-grunge,alternative rock,grunge,modern rock",RCA Records Label,250546,84,0.413,0.881,11,-5.541,0,0.0367,0.0000599,0.000308,0.0805,0.364,158.066,4
3lPr8ghNDBLc2uZovNyLs9,Supermassive Black Hole,Black Holes and Revelations,Muse,6/19/2006,jaswills1000,2016-03-06T00:57:47Z,"alternative rock,rock",Warner Records,212439,81,0.668,0.921,7,-3.727,1,0.0439,0.0492,0.00517,0.0877,0.782,120,4
3HfB5hBU0dmBt8T0iCmH42,Creep,Pablo Honey (Collector's Edition),Radiohead,4/23/1993,jaswills1000,2016-02-10T09:03:23Z,"art rock,alternative rock",Parlophone UK,235666,6,0.532,0.344,7,-13.057,1,0.035,0.00563,0.000473,0.115,0.126,91.834,4
76nvqWPFucUra1xCkN1tnD,Mmm Mmm Mmm Mmm,God Shuffled His Feet,Crash Test Dummies,4/5/1993,jaswills1000,2016-02-10T09:03:31Z,,Arista,235173,54,0.58,0.575,3,-7.72,1,0.0231,0.25,0.0000183,0.0813,0.37,92.934,4
7KxK13xRxTz6JlDtGG9GzL,A Design for Life,Everything Must Go,Manic Street Preachers,5/20/1996,jaswills1000,2016-02-10T09:03:39Z,britpop,Epic,256933,0,0.411,0.703,0,-8.016,1,0.0334,0.000212,0,0.0621,0.425,88.364,4
64otvDsAAAmLVTSEM2FYSW,Movin' on Up,Screamadelica,Primal Scream,9/23/1991,jaswills1000,2016-02-10T09:03:50Z,"madchester,britpop,alternative dance",Sony Music UK,231240,0,0.512,0.925,0,-6.654,0,0.048,0.0998,0.000465,0.112,0.162,94.258,4
6L89mwZXSOwYl76YXfX13s,Basket Case,Dookie,Green Day,2/1/1994,jaswills1000,2016-02-10T09:04:25Z,"punk,pop punk",Reprise,181533,82,0.442,0.943,3,-3.205,1,0.0602,0.00293,0.00000871,0.091,0.781,85.064,4
0sooJd5WbNnnz5k6yO7FIQ,Pompeii,All This Bad Blood,Bastille,1/1/2013,jaswills1000,2016-03-06T01:26:33Z,,Universal Music Group,214147,3,0.682,0.714,9,-6.306,1,0.0399,0.074,0,0.278,0.581,127.443,4
6Ep6BzIOB9tz3P4sWqiiAB,Radioactive,Night Visions (Deluxe),Imagine Dragons,9/4/2012,jaswills1000,2016-03-06T01:39:28Z,,Universal Music Group,186813,5,0.473,0.777,9,-3.698,1,0.059,0.119,0.0000787,0.671,0.21,136.249,4
44wXefe8WB9Fd6xwtmAwbR,Monkey Wrench,The Colour And The Shape,Foo Fighters,5/20/1997,jaswills1000,2016-02-10T09:06:06Z,"rock,post-grunge,alternative rock,grunge,modern rock",RCA Records Label,231480,69,0.401,0.953,4,-4.276,1,0.0752,0.0000183,0.0000256,0.149,0.555,174.217,4
0CBxYZz0mxzViWUvoMnRGi,Loaded,Screamadelica,Primal Scream,9/23/1991,jaswills1000,2016-02-23T13:11:11Z,"madchester,britpop,alternative dance",Sony Music UK,422426,0,0.626,0.726,8,-8.918,1,0.0584,0.0000865,0.613,0.856,0.858,91.144,4
2C05mj3y2hFJHJPlSI1vGo,Young Folks,Electracoustic (Electronic Acoustic),Peter Bjorn and John,1/6/2009,jaswills1000,2016-03-06T00:21:24Z,indie,I-Label,281120,0,0.698,0.746,0,-7.986,1,0.0382,0.0163,0.000803,0.116,0.638,138.137,4
5fpj84RsT9cOTfWUCxBTXu,Little Monster,Royal Blood,Royal Blood,8/18/2014,jaswills1000,2016-03-06T00:55:32Z,"modern rock,garage rock,rock",Warner Records,212309,59,0.454,0.883,5,-4.244,1,0.0603,0.00126,0.00158,0.138,0.499,95.995,4
4baAwbpkroYCwSIlaqzNXy,Shoot the Runner,Empire,Kasabian,12/18/2006,jaswills1000,2016-03-06T01:07:53Z,"britpop,indie,indie rock",Columbia,207373,53,0.526,0.776,7,-4.169,1,0.0852,0.000431,0.0157,0.334,0.524,131.194,4
1lDWb6b6ieDQ2xT7ewTC3G,Somebody Told Me,Hot Fuss,The Killers,6/15/2004,jaswills1000,2016-03-06T01:08:06Z,alternative rock,Universal Music Group,197160,1,0.51,0.981,10,-3.191,0,0.0901,0.0000776,0.00142,0.111,0.723,138.039,4
2owMD7ljpRlPYMTpsSyz4o,This Charming Man (2008 Remastered Version),The Sound Of The Smiths (Standard Digital Version),The Smiths,11/7/2008,jaswills1000,2016-03-06T01:10:17Z,"new wave,madchester,jangle pop",WM UK,163053,0,0.592,0.867,8,-4.447,0,0.049,0.00658,0,0.0818,0.696,103.92,4
2CNYns4imTBYe52m98xXqM,Rollover D.J.,Get Born,Jet,2003,jaswills1000,2016-03-06T01:40:48Z,,BMG Rights Management (US) LLC,196600,2,0.485,0.918,0,-3.783,1,0.0523,0.000242,0.00000609,0.107,0.644,133.582,4
216S5ED9SNRWaHWVjSJGyX,Everybody's Changing,Hopes and Fears (Deluxe Edition),Keane,1/1/2009,jaswills1000,2016-03-06T01:42:03Z,,Universal Music Group,216520,0,0.501,0.76,0,-6.095,1,0.0295,0.00135,0.000458,0.0854,0.476,94.03,4
3gNGi2iUGHXGpBQHce6Nua,When You Were Young,Sam's Town,The Killers,10/3/2006,jaswills1000,2016-03-06T01:43:16Z,alternative rock,Universal Music Group,220426,1,0.467,0.988,11,-3.313,1,0.112,0.000152,0.0484,0.28,0.321,130.435,4
3kLMlkAp0UG0zuk3MrbyPU,It's Not Over Yet,Myths Of The Near Future,Klaxons,2007,jaswills1000,2016-03-06T01:43:43Z,"new rave,alternative dance,indie",Polydor,215253,0,0.272,0.913,9,-3.668,1,0.155,0.00577,0.00000772,0.202,0.309,152.036,4
0CIUacqGuohdes8fdIP4K3,Forever Lost,The Magic Numbers,The Magic Numbers,6/13/2005,jaswills1000,2016-03-06T01:45:20Z,,Parlophone UK,257005,46,0.537,0.824,4,-5.088,1,0.0321,0.0177,0.00401,0.103,0.364,147.695,4
2VmyLy2HQlkevZYboXHM5O,If You Tolerate This Your Children Will Be Next,This Is My Truth Tell Me Yours,Manic Street Preachers,9/14/1998,jaswills1000,2016-03-06T01:46:22Z,britpop,Epic,290960,59,0.267,0.81,0,-6.189,1,0.0418,0.00019,0.018,0.084,0.267,127.673,5
6qj3fVJJ2PcRxpSG7lDPZ5,Pumped up Kicks,Torches,Foster The People,6/13/2011,jaswills1000,2016-03-06T01:11:41Z,,Columbia,239600,0,0.733,0.71,5,-5.849,0,0.0292,0.145,0.115,0.0956,0.965,127.975,4
274voeiGXAtDEQ5KWfNzLK,Howlin’ For You,Brothers (Deluxe Edition),The Black Keys,10/15/2010,jaswills1000,2016-03-06T01:13:11Z,"blues rock,garage rock,modern blues,rock",Digital Distribution Latvia,191800,0,0.708,0.737,11,-6.665,0,0.0943,0.0299,0.0804,0.101,0.476,132.612,4
7i9dVsjX7Jv7woyqPpMJLn,Love Illumination,"Right Thoughts, Right Words, Right Action (Deluxe Edition)",Franz Ferdinand,8/23/2013,jaswills1000,2016-03-06T01:13:45Z,indie rock,Domino Recording Co,224266,0,0.53,0.856,4,-3.327,0,0.0499,0.104,0.00000381,0.16,0.814,153.304,4
71O1jD7bF3cdMPvPi186V6,I Will Wait,Babel (Deluxe Version),Mumford & Sons,9/21/2012,jaswills1000,2016-03-06T01:16:45Z,"folk,indie folk,folk rock",Universal Music Group,276720,1,0.477,0.776,1,-5.056,1,0.0349,0.0155,0.00314,0.203,0.429,131.004,4
3vOT1IBNEAoShlzk4aSKDi,Called Out In The Dark,Fallen Empires,Snow Patrol,1/1/2011,jaswills1000,2016-03-06T01:56:09Z,,Universal Music Group,240865,0,0.755,0.695,0,-4.669,1,0.0314,0.0176,0.00000596,0.0758,0.961,119.982,4
1qfYG2JrchEyJiqKnkE7YQ,What You Know,Tourist History,Two Door Cinema Club,2/7/2010,jaswills1000,2016-03-06T01:18:18Z,indie,Kitsune,189693,7,0.55,0.753,6,-4.003,0,0.0407,0.000665,0.00000774,0.0921,0.841,139.048,4
3nGWzFBJ5tMzHWAgs16fK6,What Makes A Good Man?,The Glorious Dead,The Heavy,8/17/2012,jaswills1000,2016-03-06T02:29:06Z,,Counter Records,226380,60,0.456,0.803,2,-4.265,1,0.0786,0.000259,0.000368,0.291,0.333,186.15,4
2KArbNRAnfGcnZ1gSYhVy5,The Drugs Don't Work,Urban Hymns,The Verve,9/29/1997,jaswills1000,2016-03-06T02:13:53Z,"britpop,shoegaze",Hut,305066,0,0.44,0.498,0,-9.788,1,0.0264,0.229,0,0.173,0.157,77.368,4
4l9gNfeexV0FJ7traSwtNf,This Is The Last Time,Hopes and Fears (Deluxe Edition),Keane,1/1/2009,jaswills1000,2016-03-06T01:42:31Z,,Universal Music Group,209266,0,0.524,0.763,7,-6.732,1,0.0308,0.00196,0.00000923,0.125,0.35,131.675,4
14k3MBAMEQ13DHqHSO8dQB,"Too Late, Too Late",A Tale Of Two Cities,Mr Hudson,1/1/2006,jaswills1000,2016-03-06T01:48:13Z,,Mercury,188040,0,0.8,0.778,4,-6.741,0,0.222,0.00925,0.0000125,0.253,0.391,95.017,4
1pHP4JeQV9wDx87D6qH9hD,Here It Goes Again,Oh No,OK Go,1/1/2005,jaswills1000,2016-03-06T01:16:55Z,,Capitol Records,179813,64,0.537,0.882,0,-2.306,1,0.0403,0.00035,0.0000906,0.12,0.81,145.73,4
2ihCaVdNZmnHZWt0fvAM7B,Little Talks,My Head Is An Animal,Of Monsters and Men,1/1/2012,jaswills1000,2016-03-06T01:17:50Z,"folk pop,indie folk",Universal Records,266600,81,0.457,0.757,1,-5.177,1,0.032,0.0206,0,0.146,0.417,102.961,4
4vvK7kQ42AAXabZAXiGsDH,Sonnet,Urban Hymns,The Verve,9/29/1997,jaswills1000,2016-03-06T02:14:04Z,"britpop,shoegaze",Hut,261440,0,0.425,0.706,0,-8.01,1,0.0254,0.173,0.00015,0.209,0.319,88.04,4
5XkVQZWvsVwedk0Jv54SVH,Buddy Holly,Weezer (Deluxe Edition),Weezer,5/10/1994,jaswills1000,2016-03-06T02:19:09Z,alternative rock,Universal Music Group,159586,0,0.536,0.932,8,-4.11,1,0.0436,0.00483,0.0000202,0.105,0.755,121.004,4
3JhOZkDwXU3U9x9pLPzdEx,Loverboy,Sinners Never Sleep,You Me At Six,1/1/2011,jaswills1000,2016-03-06T02:25:42Z,pop punk,Virgin Records,197466,37,0.517,0.736,2,-4.558,0,0.0423,0.000319,0.0000381,0.27,0.5,139.894,4
69uxyAqqPIsUyTO8txoP2M,Adventure of a Lifetime,A Head Full of Dreams,Coldplay,12/4/2015,jaswills1000,2016-03-06T02:28:03Z,,Parlophone UK,263786,85,0.638,0.924,7,-3.887,1,0.036,0.00205,0.000175,0.149,0.53,111.995,4
1Xe4r9nlMwSEKIjutoul2z,Alcoholic,Love Is Here,Starsailor,10/8/2001,jaswills1000,2016-03-06T01:57:37Z,britpop,Parlophone UK,176000,42,0.41,0.436,9,-9.496,0,0.0352,0.33,0,0.23,0.334,101.043,4
5j9iuo3tMmQIfnEEQOOjxh,Best Day Of My Life,"Oh, What A Life",American Authors,1/1/2014,jaswills1000,2016-03-06T01:25:37Z,,Universal Music Group,194240,1,0.67,0.905,2,-2.385,1,0.0339,0.0625,0.000151,0.0577,0.516,100.021,4
1SQdS3nQT0OALklAVANDnM,Things We Lost In The Fire,All This Bad Blood,Bastille,1/1/2013,jaswills1000,2016-03-06T01:26:44Z,,Universal Music Group,240746,0,0.579,0.917,4,-4.88,0,0.0618,0.0612,0,0.251,0.664,134.04,4
5CeL9C3bsoe4yzYS1Qz8cw,Girls & Boys,Blur: The Best Of,Blur,10/23/2000,jaswills1000,2016-03-06T01:27:39Z,"britpop,madchester,alternative rock",Parlophone UK,259385,72,0.693,0.875,7,-8.354,0,0.0315,0.00986,0,0.0601,0.899,120.048,4
46iI0binWzpkEJgIWTYUBR,Gold on the Ceiling,Gold on the Ceiling,The Black Keys,1/24/2012,jaswills1000,2016-03-06T01:28:16Z,"blues rock,garage rock,modern blues,rock",Nonesuch,224333,39,0.505,0.833,0,-4.632,1,0.0475,0.00772,0.000079,0.069,0.565,130.121,4
6RTwbKB3lsqGCHIAt1FoLC,Buck Rogers,Match Of The Day,Feeder,6/8/2009,jaswills1000,2016-03-06T01:36:27Z,britpop,Sony Music UK,191946,0,0.476,0.96,5,-3.735,1,0.0839,0.000848,0.000778,0.0706,0.132,120.823,4
0kpmeoNfuZ0cys5tCEBCXZ,Happy Hour,Now That's What I Call Quite Good,The Housemartins,1/1/1988,jaswills1000,2016-03-06T01:38:36Z,jangle pop,EMI,142093,46,0.535,0.858,10,-11.109,1,0.0453,0.101,0.00000218,0.141,0.926,95.792,4
0ZSmRnXnP5fdANtVlCok1g,Look What You've Done,Get Born,Jet,2003,jaswills1000,2016-03-06T01:40:37Z,,BMG Rights Management (US) LLC,230893,15,0.4,0.541,0,-6.84,1,0.0252,0.393,0.00108,0.146,0.325,74.425,4
5kD9T7GForh8LnRz5ClbL8,The Middle,Bleed American (Deluxe Edition),Jimmy Eat World,2001,jaswills1000,2016-03-06T01:41:09Z,"emo,pop punk,emo pop",Universal Music Group,168253,5,0.634,0.886,2,-3.466,1,0.0517,0.0291,0,0.342,0.922,161.933,4
5LOaKdW9D2Gl9neAN94NbR,Somewhere Only We Know,Hopes and Fears (Deluxe Edition),Keane,1/1/2009,jaswills1000,2016-03-06T01:41:54Z,,Universal Music Group,237546,1,0.445,0.59,9,-6.747,1,0.0258,0.0575,0.0000108,0.0832,0.334,172.016,4
5mhUPDWQH3s544WCsa0r9w,Human,Day & Age,The Killers,11/18/2008,jaswills1000,2016-03-06T01:43:23Z,alternative rock,Universal Music Group,245360,3,0.547,0.837,10,-7.085,1,0.0676,0.00112,0.000624,0.0937,0.568,135.47,4
63xBKQr7HJkKaSyhwEWCnE,Run,Up To Now,Snow Patrol,1/1/2009,jaswills1000,2016-03-06T01:55:43Z,,Universal Music Group,354613,0,0.377,0.65,9,-5.243,0,0.0283,0.000421,0.0000136,0.149,0.165,149.148,4
360T76vzavPvB0ZLRqvATQ,Have A Nice Day,Decade In The Sun - Best Of Stereophonics (Deluxe),Stereophonics,1/1/2008,jaswills1000,2016-03-06T01:58:11Z,britpop,Universal Music Group,204306,0,0.498,0.818,9,-5.45,1,0.0435,0.0141,0,0.421,0.399,120.835,4
3CRDbSIZ4r5MsZ0YwxuEkn,Stressed Out,Blurryface,Twenty One Pilots,5/15/2015,jaswills1000,2016-03-06T02:10:09Z,,Fueled By Ramen,202333,85,0.734,0.637,4,-5.677,0,0.141,0.0462,0.0000229,0.0602,0.648,169.977,4
5tBnCBnTlDQQRdlqHe9qXq,Lucky Man,Urban Hymns,The Verve,9/29/1997,jaswills1000,2016-03-06T02:13:45Z,"britpop,shoegaze",Hut,293493,0,0.393,0.605,2,-8.297,1,0.0312,0.358,0.000453,0.0937,0.208,75.97,4
25FTMokYEbEWHEdss5JLZS,Teenage Dirtbag,Wheatus,Wheatus,2/15/1999,jaswills1000,2016-03-06T02:19:39Z,,Columbia,241666,83,0.625,0.85,4,-3.904,1,0.0495,0.346,0.000233,0.174,0.633,94.661,4
4MzGM692jKGkNSQ7qzeTaJ,Fever,Fever,The Black Keys,3/24/2014,jaswills1000,2016-03-06T01:13:04Z,"blues rock,garage rock,modern blues,rock",Nonesuch,246306,43,0.609,0.674,9,-6.506,0,0.0355,0.00378,0.000302,0.129,0.743,127.541,4
74Csq5DMaOBShLUhI6NU5A,Curse Me Good,The Glorious Dead,The Heavy,8/17/2012,jaswills1000,2016-03-06T02:30:52Z,,Counter Records,296899,49,0.809,0.814,6,-6.829,0,0.0338,0.0105,0.0000248,0.099,0.804,118,4
414a7UjgozCezMUz6Ng70h,Maybe Tomorrow,Decade In The Sun - Best Of Stereophonics (Deluxe),Stereophonics,1/1/2008,jaswills1000,2016-03-06T01:58:03Z,britpop,Universal Music Group,273160,0,0.495,0.679,7,-5.976,0,0.0362,0.21,0.000167,0.354,0.542,80.9,4
0BMGyqvrjuJExY6jcVAtX2,Something's Gotta Give,Something's Gotta Give,All Time Low,1/13/2015,jaswills1000,2016-03-06T03:17:55Z,"pop punk,emo,emo pop,punk",Hopeless Records,189384,0,0.501,0.913,4,-3.278,1,0.0463,0.00945,0,0.0885,0.653,165.961,4
5GD9VxAIR7mMKcQixw8nSR,Drive,Peace,Kids In Glass Houses,1/1/2014,jaswills1000,2016-03-06T03:19:29Z,pop punk,Universal Music AB,218244,0,0.402,0.878,7,-3.024,0,0.0719,0.00921,0,0.166,0.517,148.096,4
1p1nO35bbi4ZlQgjIA4oa4,The Kill (Bury Me),A Beautiful Lie,Thirty Seconds To Mars,8/30/2005,jaswills1000,2016-03-06T03:20:47Z,modern rock,Virgin Records,231533,63,0.179,0.912,4,-3.881,0,0.0791,0.0014,0.000294,0.582,0.289,182.99,3
6nTiIhLmQ3FWhvrGafw2zj,American Idiot,American Idiot,Green Day,9/21/2004,jaswills1000,2016-03-06T03:20:58Z,"punk,pop punk",Reprise,176346,83,0.38,0.988,1,-2.042,1,0.0639,0.0000264,0.0000786,0.368,0.769,186.113,4
5VGlqQANWDKJFl0MBG3sg2,Use Somebody,Only By The Night,Kings of Leon,9/23/2008,jaswills1000,2016-03-06T03:22:26Z,modern rock,RCA/Legacy,230760,82,0.276,0.715,0,-5.356,1,0.0432,0.00552,0.000417,0.201,0.173,137.028,4
17Mzg40eYZh2qNDKH5pZWm,Punchin' Bag,Tell Me I'm Pretty,Cage The Elephant,12/18/2015,jaswills1000,2016-03-06T03:22:52Z,modern rock,RCA Records Label,227493,48,0.54,0.816,2,-5.956,1,0.0543,0.00828,0.00333,0.292,0.528,134.265,4
1vQJo9Z9bvaeqdoFh4W097,To The Blade,Get To Heaven (Deluxe),Everything Everything,6/22/2015,jaswills1000,2016-03-06T03:23:51Z,,RCA Records Label,253986,40,0.523,0.788,6,-7.658,1,0.0582,0.0142,0.00283,0.104,0.225,149.895,4
0Rz6BF1kIFaPOHO7nZUckL,You Will You Won't,Who Killed The Zutons?,The Zutons,2004,jaswills1000,2016-03-06T03:28:19Z,,Deltasonic,174226,40,0.649,0.888,2,-2.789,1,0.039,0.00672,0,0.332,0.922,105.375,4
4DJLcyfnyEGlUejAEAX4az,1983,Habits,Neon Trees,1/1/2010,jaswills1000,2016-03-06T03:30:42Z,,Mercury Records,222560,51,0.463,0.981,10,-3.922,1,0.18,0.0000737,0,0.102,0.703,153.048,4
49ccDOSipaIJ4PcmovJy4h,Recovery,Tape Deck Heart (Deluxe Edition),Frank Turner,1/1/2013,jaswills1000,2016-03-06T03:30:55Z,"folk punk,acoustic rock",Polydor Records,208040,49,0.522,0.893,9,-2.408,1,0.0501,0.0605,0,0.0653,0.854,156.009,4
4pCfNA9bjI3pccG5s9fm7J,Pumping On Your Stereo,Supergrass,Supergrass,9/20/1999,jaswills1000,2016-03-06T03:33:48Z,britpop,Echo,200400,0,0.461,0.904,2,-4.789,1,0.0784,0.011,0.0852,0.835,0.238,131.967,4
3Vf88PGkMxy2lWszTd3wk2,Show Me the Wonder,Rewind the Film,Manic Street Preachers,9/16/2013,jaswills1000,2016-03-06T03:34:02Z,britpop,Columbia,198853,25,0.543,0.914,2,-4.307,1,0.0319,0.0227,0.000153,0.156,0.79,130.307,4
1SsDbcjGHregkNfEjogXpm,Re-Wired,Velociraptor!,Kasabian,9/19/2011,jaswills1000,2016-03-06T03:35:48Z,"britpop,indie,indie rock",Columbia,284186,50,0.692,0.828,11,-6.061,0,0.0466,0.0131,0.0000651,0.43,0.433,114.981,4
6aW2iwJxBurjRMkbcKuSRi,Four Simple Words,Tape Deck Heart (Deluxe Edition),Frank Turner,1/1/2013,jaswills1000,2016-03-06T03:36:43Z,"folk punk,acoustic rock",Polydor Records,296494,43,0.35,0.908,0,-5.278,1,0.172,0.0116,0,0.199,0.197,103.589,3
5quxrZTYgMATSD8ocr0den,Miracle Mile,Dear Miss Lonelyhearts,Cold War Kids,4/2/2013,jaswills1000,2016-03-06T03:38:14Z,modern rock,Downtown Records,180133,0,0.353,0.866,2,-3.163,1,0.0658,0.00685,0.795,0.325,0.293,142.858,4
1ToEKfuLxvObrzFx0xUw50,Rock & Roll - Mono; 2015 Remaster,Rock & Roll (Mono),The Velvet Underground,10/21/2015,jaswills1000,2016-03-14T12:28:04Z,"proto-punk,art rock",Rhino Atlantic,277840,32,0.481,0.688,0,-7.358,1,0.0399,0.000907,0.000152,0.206,0.614,133.871,4
40B86SINGhkk1T0kZ47JsX,Beautiful Ones,The Best Of,Suede,11/1/2010,jaswills1000,2016-03-22T13:18:53Z,britpop,Suede Ltd,230866,0,0.539,0.981,8,-5.012,0,0.041,0.0594,0,0.381,0.853,99.093,4
7a90gal9tr3yS8bEXUvu8D,A Song For The Lovers,Alone With Everybody,Richard Ashcroft,1/1/2000,jaswills1000,2016-03-22T13:21:43Z,"britpop,madchester",Hut,326160,55,0.389,0.923,9,-6.668,0,0.0475,0.0397,0.00105,0.114,0.49,154.127,4
1OZSVl0JJ1MBzibpuhmmXb,One Day Like This,The Seldom Seen Kid,Elbow,1/1/2008,jaswills1000,2016-03-22T13:23:51Z,,Polydor Records,394173,61,0.425,0.651,10,-6.131,1,0.0287,0.105,0,0.138,0.366,159.363,4
4z88dsPMPlCPakuhBYkcuP,Munich,The Back Room,Editors,7/25/2005,jaswills1000,2016-03-22T13:30:23Z,,Play It Again Sam,226426,0,0.175,0.875,7,-4.383,0,0.0527,0.000551,0.0347,0.324,0.394,149.366,4
5aVcUS7R2kCWDRjHvvIDfZ,Blood,The Back Room,Editors,7/25/2005,jaswills1000,2016-03-22T13:30:47Z,,Play It Again Sam,209400,0,0.37,0.924,6,-4.833,0,0.0542,0.00000973,0.0963,0.15,0.598,149.999,4
4toSP60xmDNCFuXly8ywNZ,Karma Police,OK Computer,Radiohead,5/21/1997,jaswills1000,2016-03-22T13:31:36Z,"art rock,alternative rock",Parlophone UK,264066,0,0.36,0.505,7,-9.129,1,0.026,0.0626,0.0000922,0.172,0.317,74.807,4
4cHvNUjD8pzO8qNR8P5Gwl,Ever Fallen in Love (With Someone You Shouldn't've)?,Ever Fallen in Love (With Someone You Shouldn't've)?,"Roger Daltrey,The Datsuns,The Futureheads,David Gilmour,Peter Hook,Pete Shelley,El Presidente,Robert Plant,Elton John,Soledad Brothers",11/11/2005,jaswills1000,2016-03-22T13:33:15Z,"album rock,garage rock,progressive rock,symphonic rock,madchester,acid house,synthpop,new wave,modern blues,blues rock",Parlophone UK,180400,37,0.314,0.938,4,-4.734,1,0.0595,0.00249,0.00229,0.153,0.689,176.237,4
4ZRi91dY1nL7whWiBkteq2,Wires,Tourist,Athlete,1/31/2005,jaswills1000,2016-03-22T13:36:10Z,britpop,Parlophone UK,260240,0,0.503,0.573,3,-6.482,0,0.0292,0.227,0.000309,0.156,0.483,134.559,4
1PCA097woCMSDvZPUVeRI7,Blue Orchid,Get Behind Me Satan,The White Stripes,6/7/2005,jaswills1000,2016-03-22T13:38:20Z,"garage rock,blues rock,rock,alternative rock",XL Recordings,158280,0,0.484,0.641,10,-8.44,0,0.3,0.117,0.0000105,0.324,0.688,151.233,4
2VAlwOewe5c40VHyqozF1V,"Steady, As She Goes",Broken Boy Soldiers,The Raconteurs,5/15/2006,jaswills1000,2016-03-22T13:39:52Z,"garage rock,alternative rock",XL Recordings,215266,0,0.534,0.605,9,-4.366,1,0.113,0.00865,0.00826,0.0781,0.56,123.003,4
5KFxoL3MW5MxEo0NafSvKe,Stop,"Take Them On, On Your Own",Black Rebel Motorcycle Club,2003,jaswills1000,2016-03-22T13:49:54Z,"garage rock,gothic country,blues rock",Virgin Catalogue,277640,0,0.423,0.97,4,-2.93,0,0.095,0.0101,0.53,0.19,0.338,123.939,4
5vPL2lAts3FIx39Baieffc,Cheap And Cheerful,Midnight Boom,The Kills,3/8/2008,jaswills1000,2016-03-22T13:52:45Z,garage rock,Domino Recording Co,148680,0,0.885,0.718,11,-5.493,0,0.0768,0.00114,0.000499,0.0753,0.67,128.96,4
3rXCnvL6xP83VsYUg4rm7e,Whistle For The Choir,Costello Music,The Fratellis,1/1/2006,jaswills1000,2016-03-22T13:54:15Z,,Universal-Island Records Ltd.,215813,58,0.602,0.697,4,-4.57,1,0.0321,0.0544,0,0.0848,0.726,131.623,4
6s9iK4Hf5nLhdDMCnkDV3T,Gay Bar,Fire,Electric Six,5/19/2003,jaswills1000,2016-03-22T14:55:54Z,garage rock,XL Recordings,140906,0,0.4,0.975,7,-5.237,1,0.0987,0.000114,0.000624,0.152,0.32,171.963,4
6jiI3qFbEGa3BcokGwtrn1,An Honest Mistake,An Honest Mistake (Int'l ECD Maxi),The Bravery,1/1/2005,jaswills1000,2016-03-22T14:59:14Z,,Island Records,220693,0,0.459,0.892,2,-4.252,0,0.0302,0.00000362,0.548,0.108,0.637,140.053,4
172u95XX2JxIfBZi1v0vKN,Banquet,Silent Alarm,Bloc Party,2/2/2005,jaswills1000,2016-03-22T15:01:00Z,indie rock,Wichita Recordings,201360,2,0.576,0.935,10,-4.911,0,0.051,0.00013,0.017,0.0828,0.875,150.227,4
19503qDaxgCdPL2BhJngij,Apply Some Pressure,A Certain Trigger,Maximo Park,5/16/2005,jaswills1000,2016-03-22T15:04:49Z,"indie,britpop,indie rock",Warp Records,200346,5,0.378,0.953,9,-3.632,1,0.138,0.000719,0.0000289,0.0936,0.512,167.808,4
0CASRPTbawxDqCculHLwhT,Same Jeans,Same Jeans,The View,1/15/2007,jaswills1000,2016-03-22T15:11:15Z,,1965 Records,214733,26,0.484,0.962,0,-3.64,1,0.044,0.00724,0,0.112,0.611,134.63,4
34XDIqYypZc3jyGRDgd5p4,I Found Out,Wait For Me,The Pigeon Detectives,5/27/2007,jaswills1000,2016-03-22T15:13:05Z,"indie,indie rock",Dance To The Radio,127400,0,0.47,0.909,4,-1.674,1,0.0546,0.0611,0,0.294,0.607,146.986,4
0fiB5cRA2lngpF06X1Ou4u,Bang Bang You're Dead,Waterloo To Anywhere,Dirty Pretty Things,1/1/2006,jaswills1000,2016-03-22T15:13:44Z,"indie rock,britpop",EMI,212200,49,0.307,0.784,5,-3.016,1,0.0586,0.00724,0.00000502,0.464,0.434,151.708,4
5VTg9Twg1iJpv3SI5k8v1j,Freakin' Out,Happiness In Magazines,Graham Coxon,5/17/2004,jaswills1000,2016-03-22T15:16:01Z,britpop,Parlophone UK,221000,34,0.422,0.907,11,-5.643,0,0.0497,0.000115,0.00000584,0.37,0.498,158.124,4
1A7pz58VR2Lpc19c58QdSo,Road Rage,International Velvet,Catatonia,1998,jaswills1000,2016-03-22T15:17:18Z,britpop,London Records,308386,52,0.495,0.594,8,-6.447,1,0.0291,0.0178,0.000243,0.215,0.428,93.445,4
1QdbOe3o38SdDOxgMSfRGd,Good Enough,Ace A's + Killer B's,Dodgy,1/1/1998,jaswills1000,2016-03-22T15:17:36Z,"britpop,madchester",Mercury,239840,0,0.576,0.963,0,-6.145,1,0.0548,0.0012,0.000762,0.37,0.75,111.738,4
4RG9Ulx2XrTg2achBTPaoo,Lucky You,Jollification,The Lightning Seeds,8/30/1994,jaswills1000,2016-03-22T15:18:37Z,"britpop,madchester",Epic,259666,48,0.572,0.857,4,-9.845,0,0.037,0.00341,0.0146,0.155,0.671,133.893,4
3PJqVKBvamWgzODoRwqZGm,Laid,James: The Best Of,James,1/1/1998,jaswills1000,2016-03-22T15:19:22Z,"madchester,britpop",Universal Music Group,156866,0,0.488,0.968,0,-5.705,1,0.0375,0.0207,0.000124,0.148,0.584,116.223,4
2jlJVAqrN7bHsw7EwPOIIi,Mulder and Scully,International Velvet,Catatonia,1998,jaswills1000,2016-03-22T15:19:33Z,britpop,London Records,251266,48,0.512,0.813,6,-5.294,0,0.0428,0.0299,0,0.0765,0.597,108.798,4
6uAoFqSLH9UjCPn4yo4HMh,The Life Of Riley,Life Of Riley - The Lightning Seeds Collection,The Lightning Seeds,1/1/2003,jaswills1000,2016-03-22T15:19:52Z,"britpop,madchester",EMI Gold,244693,0,0.553,0.928,0,-6.365,1,0.0447,0.0104,0.00557,0.149,0.59,121.535,4
3idthQ24V2aPRcthv7Aq5o,Sit Down,Gold Mother,James,1990,jaswills1000,2016-03-22T15:20:22Z,"madchester,britpop",Universal Music Group,244866,0,0.561,0.706,9,-9.446,1,0.029,0.00263,0.00125,0.122,0.569,126.077,4
3SyPTIK2xO4UhlpmKPsnK6,Slight Return,Expecting To Fly,The Bluetones,1/1/1996,jaswills1000,2016-03-22T15:22:32Z,"britpop,madchester",EMI,201133,52,0.431,0.903,2,-6.577,1,0.0406,0.02,0.0000495,0.173,0.672,102.787,4
5AxrGtSF6tymFMNsyiwx2O,The Size Of A Cow,Never Loved Elvis (Remastered with additional tracks),The Wonder Stuff,1991,jaswills1000,2016-03-22T15:23:27Z,"madchester,britpop",Polydor,193106,0,0.504,0.878,2,-6.94,1,0.0316,0.0258,0.00537,0.0418,0.923,149.107,4
3d1nT4G5MXHJTr7kNz9vQK,Staying Out For The Summer (Summer '95),Ace A's + Killer B's,Dodgy,1/1/1998,jaswills1000,2016-03-22T15:17:48Z,"britpop,madchester",Mercury,185933,0,0.369,0.858,7,-5.588,1,0.0488,0.0715,0,0.235,0.801,143.962,4
2q1VaYfLyPur3bwZswF5o2,Going For Gold,Going For Gold,Shed Seven,1/1/1999,jaswills1000,2016-03-22T15:26:21Z,"britpop,madchester",Polydor,267493,0,0.36,0.844,9,-4.847,1,0.0353,0.0171,0.348,0.0818,0.483,96.186,4
1pmlA7CcHABOF7zkzn7Xdf,Love Is The Law,Do It Yourself,The Seahorses,1/1/1997,jaswills1000,2016-03-22T15:27:24Z,"britpop,madchester",Geffen,463093,0,0.278,0.813,4,-9.604,1,0.0477,0.000112,0.00649,0.339,0.703,89.079,4
5DxvM7QB0Qha4CksRkVHjK,Wide Open Space,Attack Of The Grey Lantern,Mansun,2/17/1997,jaswills1000,2016-03-22T15:28:38Z,"britpop,madchester",Parlophone UK,271106,0,0.516,0.796,9,-6.629,0,0.0286,0.0147,0.00000783,0.0824,0.0881,103.71,4
6joAGL5IuD66Qgcz049ObW,Yes - Full Version,The Sound Of McAlmont And Butler,McAlmont & Butler,1/1/1995,jaswills1000,2016-03-22T15:32:57Z,britpop,Hut,293893,45,0.422,0.776,5,-7.127,1,0.0381,0.0244,0,0.143,0.405,109.796,4
4S7yha4rQKQkMGFfXM12x5,Blinded By The Sun,Do It Yourself,The Seahorses,1/1/1997,jaswills1000,2016-03-22T15:55:37Z,"britpop,madchester",Geffen,277626,0,0.346,0.711,2,-7.606,1,0.0276,0.00071,0.0000055,0.208,0.348,171.848,4
5c5a2Ptu8eyIpljhQHjIqk,Ain't No Rest For The Wicked - Original Version,Cage The Elephant,Cage The Elephant,1/1/2008,jaswills1000,2016-03-22T15:55:45Z,modern rock,Relentless/Virgin,175493,1,0.635,0.914,0,-5.631,1,0.111,0.0597,0,0.601,0.922,156.014,4
53L6A3I9vf7rgEZnMzx54E,Mountain at My Gates,What Went Down,Foals,8/28/2015,jaswills1000,2016-03-29T06:21:04Z,indie,Warner Records,244293,6,0.495,0.931,2,-5.336,0,0.0469,0.0025,0.0783,0.246,0.617,104.05,4
132T6TgGE7goEF2IzFBVOv,You're Gorgeous,Best of Babybird,Babybird,7/26/2013,jaswills1000,2016-03-29T06:31:43Z,britpop,BMG Rights Management / Echo Records Limited,223173,0,0.58,0.691,0,-7.359,1,0.0338,0.247,0,0.429,0.292,123.617,4
7GkFDcHCGbLHOUE1O7804H,Starz In Their Eyes,Overtones (Slidepac),Just Jack,1/1/2007,jaswills1000,2016-03-29T06:35:44Z,,Mercury,295933,0,0.669,0.8,3,-6.731,1,0.0652,0.00184,0.000356,0.466,0.656,123.801,4
3K5OI8rqap0oxqzY4coPjk,Weak for Love,Weak for Love,The Max Meser Group,10/9/2015,jaswills1000,2016-04-18T10:40:15Z,baroque pop,[PIAS] Recordings Holland,192539,0,0.498,0.618,11,-8.261,1,0.0477,0.109,0.00166,0.141,0.794,168.138,4
7atmxV7VSp6h0wUyjnasSR,20/20,English Graffiti (Deluxe),"The Vaccines,Dave Fridmann",5/26/2015,jaswills1000,2016-04-19T06:49:14Z,"indie,indie rock",Columbia,187906,0,0.498,0.906,0,-2.137,1,0.237,0.000727,0.000201,0.0864,0.616,167.945,3
6fLDBnJDWsXwtFSxTC0I9N,Fell in Love with a Girl,White Blood Cells,The White Stripes,7/3/2001,jaswills1000,2016-04-19T15:29:02Z,"garage rock,blues rock,rock,alternative rock",Warner Records,110093,0,0.323,0.976,0,-1.598,1,0.129,0.69,0.000211,0.794,0.396,95.883,4
6XOINCZBv8Q7RXgNNiTwIN,A Girl Like You,Gorgeous George,Edwyn Collins,1994,jaswills1000,2016-04-25T13:27:41Z,britpop,AED,236583,1,0.619,0.781,5,-7.455,0,0.0393,0.0243,0.000286,0.402,0.533,126.267,4
6fWMEDCURTkeP9bPYvzcJe,Homerun (Radio Edit),Homerun (Radio Edit),The Brahms,10/14/2015,jaswills1000,2016-09-05T11:17:59Z,,The Brahms,159407,37,0.532,0.831,9,-4.359,1,0.0456,0.0104,0.000183,0.0801,0.764,93.948,4
6EX2Dw0TanGWnJGBmDIFZe,Five on the Five,Consolers of the Lonely,The Raconteurs,3/5/2008,jaswills1000,2017-03-28T09:11:56Z,"garage rock,alternative rock",Warner Records,212106,0,0.3,0.941,5,-3.736,0,0.118,0.0142,0.00000177,0.173,0.441,146.818,4
6eQLPUE7xsBrVrYAo2ybH3,Stronger,Stars Of CCTV,Hard-Fi,7/12/2005,jaswills1000,2017-03-28T09:15:28Z,britpop,Atlantic Records UK,211253,23,0.503,0.795,9,-3.814,1,0.0295,0.00837,0.0000251,0.332,0.69,144.956,4
4041m5Nr5GuEaqDSq9wjXa,Hush,Kollected - The Best Of Kula Shaker,Kula Shaker,1992,jaswills1000,2017-04-08T19:26:51Z,"britpop,madchester",Columbia,174786,1,0.484,0.852,8,-6.83,1,0.0451,0.000251,0.00000105,0.0761,0.806,117.792,4
7aVCjJWZXK7s7cxi7TIfoo,She Bangs the Drums - Remastered 2009,The Stone Roses (20th Anniversary Legacy Edition),The Stone Roses,5/3/1989,jaswills1000,2017-04-12T06:05:30Z,"madchester,britpop",Silvertone,232333,15,0.339,0.976,9,-4.782,1,0.0909,0.00649,0.00672,0.123,0.672,144.723,4
2iv5pogsl0N4FrXgMbuNLf,Lucky Man - Remastered,This Is Music: The Singles 92-98,The Verve,1/1/2004,jaswills1000,2017-04-12T14:01:20Z,"britpop,shoegaze",Virgin Records,289786,39,0.402,0.658,2,-7.541,1,0.0302,0.3,0.000166,0.114,0.182,76.012,4
3SVAN3BRByDmHOhKyIDxfC,Karma Police,OK Computer,Radiohead,5/28/1997,jaswills1000,2017-04-12T14:01:41Z,"art rock,alternative rock",XL Recordings,264066,2,0.36,0.505,7,-9.129,1,0.026,0.0626,0.0000922,0.172,0.317,74.807,4
5eSllZgRWCIJsDTAqFRwQw,Coffee & TV,13,Blur,1999,jaswills1000,2017-04-12T14:03:30Z,"britpop,madchester,alternative rock",Parlophone UK,358773,65,0.743,0.742,2,-10.117,1,0.0367,0.051,0.234,0.0987,0.706,121.604,4
4sjOSErZILpIu0cOlCFOIg,Stop Crying Your Heart Out,Heathen Chemistry,Oasis,6/20/2002,jaswills1000,2017-04-12T14:04:15Z,"britpop,madchester,rock",Epic,303133,43,0.38,0.572,2,-5.334,1,0.03,0.0768,0.0000024,0.0776,0.0878,74.987,4
74q8a3WdCCSHbRLU2aoP8a,Man On The Moon,Automatic For The People (U.S. Version),R.E.M.,10/5/1992,jaswills1000,2017-04-12T14:04:46Z,"jangle pop,alternative rock,rock",Warner Bros.,313533,0,0.647,0.727,7,-6.323,1,0.0261,0.401,0.000408,0.144,0.695,118.57,4
4M7XzMb9rNL4rncIXR5pD6,Maybe Tomorrow,You Gotta Go There To Come Back,Stereophonics,1/1/2003,jaswills1000,2017-04-12T14:05:05Z,britpop,Universal Music Group,272946,0,0.495,0.653,7,-6.769,0,0.0361,0.217,0.000458,0.334,0.571,80.897,4
3GfOAdcoc3X5GPiiXmpBjK,Song 2,Blur: The Best Of,Blur,10/23/2000,jaswills1000,2017-04-12T14:06:42Z,"britpop,madchester,alternative rock",Parlophone UK,121880,69,0.658,0.709,8,-6.736,1,0.0904,0.00188,0.00447,0.0657,0.855,129.701,4
0o3v9K11uvV9YQHfiuerB6,Brianstorm,Favourite Worst Nightmare,Arctic Monkeys,4/22/2007,jaswills1000,2017-04-12T14:07:17Z,"indie,garage rock",Domino Recording Co,172253,0,0.428,0.982,1,-4.11,1,0.223,0.0000822,0.00191,0.158,0.478,165.098,4
2Uf9WTBWMA8S9Lh3k3Rui6,Ooh La,Inside In / Inside Out,The Kooks,1/1/2006,jaswills1000,2017-04-12T14:08:19Z,"indie,indie rock",Virgin Records,208973,65,0.545,0.873,10,-5.193,0,0.0824,0.0263,0.0000842,0.145,0.749,150.84,4
5mqbIJQrgPj1u7ITwWPujL,Sonnet - Remastered 2004,This Is Music: The Singles 92-98,The Verve,1/1/2004,jaswills1000,2017-04-12T14:09:59Z,"britpop,shoegaze",Virgin Records,264960,27,0.433,0.725,0,-7.292,1,0.0247,0.11,0.0000642,0.292,0.331,88.222,4
6gGSSrKMiV2yec1DrqGhhy,Always Where I Need To Be,Konk,The Kooks,1/1/2008,jaswills1000,2017-04-12T14:10:25Z,"indie,indie rock",Virgin Records,161720,60,0.331,0.961,11,-4.627,1,0.0663,0.000146,0,0.322,0.882,168.355,4
7jiITuSYUSvzmGepQafl5T,Only The Strongest Will Survive,Only The Strongest Will Survive,Hurricane #1,4/29/1999,jaswills1000,2017-04-12T14:12:00Z,"britpop,madchester",Creation Records,284053,22,0.435,0.728,7,-7.266,1,0.0358,0.00321,0.0000025,0.298,0.25,179.749,4
4ECDDtTiRoiTaI2xl9Jfxd,Common People,The Gambler,Pulp,12/12/2014,jaswills1000,2017-04-12T14:12:38Z,"britpop,madchester",Universal Music Group,246026,0,0.315,0.816,0,-6.508,1,0.0425,0.00561,0.0000662,0.0949,0.483,141.194,4
4G5Tydbvh0S2ir0zWLRNxS,Flowers In The Window,The Invisible Band,Travis,2001,jaswills1000,2017-04-12T14:20:47Z,britpop,Independiente,221666,0,0.38,0.738,0,-5.435,1,0.0264,0.0725,0,0.142,0.463,97.957,4
0P6YJv6QXReDChZBbpvFmF,Love Is Noise,Forth,The Verve,1/1/2008,jaswills1000,2017-04-12T14:21:48Z,"britpop,shoegaze",Parlophone,327747,54,0.419,0.863,7,-4.155,1,0.0412,0.000484,0,0.388,0.314,123.009,4
3mqRLlD9j92BBv1ueFhJ1l,Parklife,Blur: The Best Of,Blur,10/23/2000,jaswills1000,2017-04-12T14:22:54Z,"britpop,madchester,alternative rock",Parlophone UK,187040,58,0.632,0.877,4,-6.905,1,0.0606,0.154,0,0.328,0.749,138.391,4
3tT5Lc7JFltsyOWfrzt1ve,Beetlebum - 2012 Remaster,Blur,Blur,2/10/1997,jaswills1000,2017-04-12T14:25:29Z,"britpop,madchester,alternative rock",Parlophone UK,305213,41,0.542,0.627,0,-7.105,1,0.0243,0.0794,0.000517,0.277,0.814,89.734,4
3tRv4ZYZimrL27flnjgeR6,Every You Every Me,Without You I'm Nothing,Placebo,10/12/1998,jaswills1000,2017-04-12T14:27:52Z,britpop,Elevator Lady Ltd,213800,3,0.478,0.923,10,-7.547,1,0.0569,0.000027,0.719,0.325,0.165,133.134,4
3g7WsaWWBaNldIYCSNwtuQ,I Think I'm Paranoid,Version 2.0,Garbage,1998,jaswills1000,2017-04-12T14:32:42Z,,Stunvolume,218053,0,0.557,0.814,0,-5.95,1,0.0365,0.000365,0.0672,0.445,0.555,113.864,4
1ASQi59AyHPLeNAlkkZIYd,Stunt Queen,Stunt Queen,Bloc Party,9/21/2016,jaswills1000,2017-04-12T14:34:50Z,indie rock,Infectious Music UK / BMG Rights Mgmt,183522,0,0.614,0.945,9,-4.188,1,0.13,0.0743,0,0.207,0.469,143.009,4
4lRG10ylRu2X4js7ZxK06Y,Ratchet,FOUR (Deluxe Version),Bloc Party,2012,jaswills1000,2017-04-12T14:35:10Z,indie rock,Frenchkiss Records,198017,0,0.745,0.737,0,-5.657,1,0.173,0.0076,0,0.0758,0.851,138.034,4
0SKSL3UsVNETyFjMlxjMBc,I Come with Knives,The Unified Field,IAMX,3/22/2013,jaswills1000,2017-04-12T14:37:49Z,dark cabaret,61seconds,261224,0,0.511,0.952,1,-6.155,0,0.114,0.00189,0.236,0.123,0.514,146.928,4
6H4IX21JUQ87XjaQKaGHmy,Siberian Nights,Ash & Ice,The Kills,6/3/2016,jaswills1000,2017-04-12T14:40:11Z,garage rock,Domino Recording Co,293392,37,0.677,0.6,2,-8.928,0,0.0295,0.0606,0.667,0.0904,0.599,130.043,4
4fBkJ3DTCPKWUBBAtMdimK,Hedonism - Just Because You Feel Good,Stoosh,Skunk Anansie,1996,jaswills1000,2017-04-12T14:41:01Z,,One Little Indian Records,207360,0,0.563,0.536,10,-9.488,1,0.0286,0.0874,0.000105,0.164,0.312,81.094,4
6ie0glkdTu85WH98IGyAlP,Weak,Smashes and Trashes,Skunk Anansie,10/30/2009,jaswills1000,2017-04-12T14:44:16Z,,earMUSIC,213653,0,0.516,0.875,0,-2.667,1,0.0354,0.00409,0.00000134,0.0931,0.461,95.019,4
6WrnSlcN0dzTO80mVVbBto,Do You Want To,You Could Have It So Much Better,Franz Ferdinand,10/3/2005,jaswills1000,2017-04-12T14:45:03Z,indie rock,Domino Recording Co,215000,63,0.412,0.944,0,-2.896,1,0.0448,0.0724,0.000493,0.801,0.79,123.091,4
5uahjiKiYXxGlF4GdnKPNv,Tear You Apart,She Wants Revenge,She Wants Revenge,1/1/2005,jaswills1000,2017-04-12T14:47:55Z,"darkwave,post-punk",Flawless Records,284613,0,0.584,0.724,1,-6.622,0,0.0354,0.000528,0.0000214,0.402,0.538,152.998,4
2jbWLFoXwlARSLy9hIST0d,Take the World,Valleyheart,She Wants Revenge,5/23/2011,jaswills1000,2017-04-12T14:48:30Z,"darkwave,post-punk",Five Seven Music,327186,0,0.609,0.938,1,-6.018,1,0.0319,0.00046,0.0297,0.139,0.656,100.02,4
0jBkA2kuGMGaIh7hEpoo5x,Gibraltar Ape,Gibraltar Ape,Cabbage,2/10/2017,jaswills1000,2017-05-17T11:00:31Z,,Skeleton Key Records,224819,0,0.539,0.735,2,-5.28,1,0.0317,0.0641,0,0.103,0.53,130.133,4
0z4PKWmzButKqskvvl37iR,Be Who You Are,Be Who You Are,The Kooks,3/31/2017,jaswills1000,2017-05-17T11:23:09Z,"indie,indie rock",Universal Music Group,234693,0,0.471,0.924,0,-4.615,1,0.0843,0.0121,0.000142,0.46,0.373,147.928,4
1SqY3rqLazvQlDz24GJ1TO,Alright,All Change,Cast,1/1/1995,jaswills1000,2017-05-22T15:54:45Z,"britpop,madchester",Polydor Records,217293,50,0.398,0.866,1,-7.862,1,0.0438,0.0171,0.00000433,0.0517,0.715,140.086,4
7rIoot9qXXs4H3n1kH2V4F,A Design for Life - 2016 Remastered Version,Everything Must Go 20 (Remastered),Manic Street Preachers,5/20/1996,jaswills1000,2017-05-22T15:55:09Z,britpop,Sony Music UK,257653,40,0.406,0.849,0,-3.841,1,0.0391,0.0000808,0,0.0421,0.312,88.05,4
2bEbTqj36jmuwMhvvCRC2y,Ready to Go,Ready To Go,Republica,5/24/2002,jaswills1000,2017-05-22T15:57:16Z,britpop,RCA Camden,301533,47,0.559,0.952,7,-4.68,1,0.0544,0.000242,0.192,0.204,0.243,130.047,4
1JYs5OOgeW1jAOaiiLlJdx,Girl From Mars,The Best Of Ash (Remastered Version),Ash,7/31/1995,jaswills1000,2017-05-22T16:00:30Z,"britpop,power pop",Echo,213533,0,0.236,0.797,9,-6.949,1,0.0447,0.0186,0,0.11,0.477,154.336,4
72TPbqNS18yOlXa5USPSSo,All You Good Good People,The Good Will Out,Embrace,1/1/1998,jaswills1000,2017-05-22T16:02:24Z,britpop,Hut,366266,46,0.232,0.719,11,-6.255,1,0.0428,0.000118,0.000226,0.119,0.323,165.906,4
1sZHPR8V5fk808z7cSJsF0,Shining Light - 2011 Remaster,The Best Of Ash (Remastered Version),Ash,7/31/1995,jaswills1000,2017-05-22T16:03:31Z,"britpop,power pop",Echo,310280,0,0.475,0.907,2,-4.858,1,0.0428,0.000014,0.00316,0.106,0.54,106.592,4
0IfvvQWe8SjqiCYOMvvnwK,She's So Lovely,Scouting For Girls,Scouting For Girls,9/14/2007,jaswills1000,2017-05-29T15:18:55Z,,Epic,223813,0,0.504,0.859,0,-3.335,1,0.0624,0.0673,0,0.0468,0.643,167.125,4
2nL4aCmidC5wGx2eYd02aL,Girls And Boys In Love,Girls and Weather (Deluxe Edition),The Rumble Strips,1/1/2007,jaswills1000,2017-05-29T15:20:01Z,,Universal-Island Records Ltd.,153280,44,0.587,0.901,9,-3.069,1,0.0718,0.111,0.0000522,0.0878,0.872,94.193,4
4gLKwyeBDtXoqe5ev9QcqP,Something Good Can Work,Tourist History,Two Door Cinema Club,2/7/2010,jaswills1000,2017-05-29T15:20:18Z,indie,Kitsune,162906,0,0.651,0.841,0,-5.099,1,0.0335,0.00563,0.00116,0.19,0.661,119.939,4
1DgqF47lW1iIOX14PzSTS5,Fill My Little World,Twelve Stops and Home,The Feeling,1/1/2006,jaswills1000,2017-05-29T15:21:11Z,,Universal-Island Records Ltd.,247506,0,0.455,0.892,7,-3.46,1,0.0345,0.0789,0,0.341,0.666,175.979,4
5aUwnYLjQD7OfLMJDWSnsT,Same Jeans,Hats Off To The Buskers,The View,1/20/2007,jaswills1000,2017-05-29T15:22:07Z,,1965 Records,213080,52,0.479,0.967,0,-2.445,1,0.0431,0.00697,0,0.217,0.719,134.743,4
0wplliChn9Ikt3n9XoXt1S,Dream Catch Me,Hand Built By Robots,Newton Faulkner,7/27/2007,jaswills1000,2017-05-29T15:24:23Z,,Brightside Recordings,236253,0,0.629,0.722,2,-5.693,1,0.0277,0.195,0,0.108,0.58,118.003,4
79NyNPKmsGizc2xs4p22rj,Heavyweight Champion Of The World,The State Of Things,Reverend And The Makers,9/16/2007,jaswills1000,2017-05-29T15:25:39Z,,Wall of Sound,205226,0,0.547,0.836,9,-2.403,1,0.0405,0.00576,0.0000141,0.099,0.784,132.968,4
7479zXSnpUJqeOk2ibgbXp,Round Are Way - MTV Unplugged,(What's The Story) Morning Glory? [Deluxe Edition Remastered],Oasis,10/2/1995,jaswills1000,2017-10-06T21:05:44Z,"britpop,madchester,rock",Big Brother,291293,0,0.37,0.876,7,-5.541,1,0.0927,0.0231,0.0000139,0.731,0.341,145.735,4
5bxRsot8cBzN8OhF2cofnX,Live The Dream,Mother Nature Calls,Cast,1997,jaswills1000,2017-10-06T23:13:40Z,"britpop,madchester",Universal Music LLC,233666,0,0.532,0.619,11,-8.453,1,0.0341,0.554,0,0.0863,0.46,104.836,4
51sjYvAPyoR7CQB1NQUgXJ,Sing,The Invisible Band,Travis,6/12/2001,jaswills1000,2017-11-15T16:59:29Z,britpop,Epic,228493,0,0.332,0.9,4,-5.023,1,0.0514,0.000286,0.0000126,0.058,0.243,163.534,4
7Duqn8un04Nz5n4PWk83Q5,Ready to Go,Republica,Republica,1996,jaswills1000,2017-11-27T18:35:00Z,britpop,Deconstruction,301933,56,0.553,0.954,2,-4.671,1,0.0538,0.000274,0.151,0.188,0.235,130.046,4
5RDotTHl1TmgoBykuObt3g,The Life Of Riley,Sense,The Lightning Seeds,1/1/1992,jaswills1000,2017-11-27T18:44:43Z,"britpop,madchester",Virgin Records,245000,0,0.551,0.919,0,-5.771,1,0.046,0.0116,0.00325,0.153,0.68,121.541,4
40ZZzfhyPI1TDuaJOL4JUX,Sugar Coated Iceberg,Dizzy Heights,The Lightning Seeds,11/6/1996,jaswills1000,2017-11-27T19:00:09Z,"britpop,madchester",Epic,233160,37,0.531,0.918,11,-5.357,1,0.0519,0.000455,0.000252,0.0578,0.743,130.238,4
5beiMMlsINDI5fxRdF0D42,Female of the Species,Spiders,Space,9/16/1996,jaswills1000,2017-11-27T19:01:46Z,"britpop,madchester",Gut Records,199066,49,0.654,0.773,7,-6.484,0,0.027,0.0123,0,0.155,0.677,108.03,4
3SRjH8UWiWUdvA4ituOP7V,The Ballad of Tom Jones,Tin Planet,Space,1998,jaswills1000,2017-11-27T19:02:37Z,"britpop,madchester",Gut Records,250133,36,0.661,0.647,0,-7.901,1,0.0292,0.0146,0,0.5,0.387,110.037,4
17hdos7cv1vAvcfoTU4Pym,The Only One I Know,Some Friendly,The Charlatans,10/8/1990,jaswills1000,2018-02-04T00:10:41Z,"madchester,britpop",Beggars Banquet,238120,0,0.543,0.572,5,-13.124,1,0.0317,0.0685,0.00119,0.0823,0.533,113.312,4
7ec55GDkRIBmsI8XKrG1lu,Disco 2000,Different Class / Deluxe Edition,Pulp,10/30/1995,jaswills1000,2018-02-04T00:10:58Z,"britpop,madchester",Universal Music Group,273733,0,0.567,0.932,7,-5.888,0,0.0759,0.0147,0,0.0484,0.55,133.074,4
0Si5kJtH34NRIHDDovl2Qp,Place Your Hands,Glow,Reef,1/1/1997,jaswills1000,2018-02-04T00:11:51Z,britpop,Epic,218426,53,0.507,0.978,2,-4.521,1,0.0864,0.0303,0,0.238,0.535,109.369,4
5ibELGcXGqX5x9TWFeNPxY,Motorcycle Emptiness,Forever Delayed,Manic Street Preachers,10/28/2002,jaswills1000,2018-02-04T00:12:37Z,britpop,Epic,305706,56,0.522,0.801,4,-3.641,1,0.0301,0.0000082,0.0685,0.174,0.197,112.445,4
2ESrrtLRj1omqqsnGiyafo,Why Does It Always Rain on Me?,The Man Who,Travis,5/24/1999,jaswills1000,2018-02-04T00:12:49Z,britpop,Independiente,265000,0,0.497,0.537,4,-9.264,1,0.0269,0.079,0.000139,0.0782,0.371,108.448,4
29capylmokCeuNAWqGitij,Brimful of Asha (Norman Cook Remix) (Single Version),Brimful of Asha,Cornershop,8/18/1997,jaswills1000,2018-02-04T00:13:25Z,britpop,Wiiija,243666,1,0.686,0.936,11,-3.923,1,0.0571,0.22,0,0.0964,0.942,125.665,4
2lkjHZlfSLzevCZeyY1iej,She's A Star,Whiplash,James,1997,jaswills1000,2018-02-04T00:13:41Z,"madchester,britpop",EMI,219600,52,0.501,0.737,7,-5.759,1,0.0319,0.00104,0.000463,0.1,0.352,110.462,4
71QHK24ux9WExFkbUzC4Lk,Local Boy In The Photograph,Word Gets Around,Stereophonics,1/1/1997,jaswills1000,2018-02-04T00:13:53Z,britpop,Universal Music Group,202066,0,0.374,0.959,7,-3.34,1,0.0758,0.000643,0,0.161,0.374,130.689,4
2MUQVeBZJUplFP1JI5WJZl,Comeback Kid,Comeback Kid,Kasabian,3/31/2017,jaswills1000,2018-02-04T00:14:52Z,"britpop,indie,indie rock",Columbia,260173,27,0.486,0.926,9,-3.864,0,0.0932,0.00301,0,0.0473,0.551,139.985,4
2qFubYeWKXH5jRCoPqOcJO,Love Is Mystical,Love Is Mystical,Cold War Kids,2/2/2017,jaswills1000,2018-02-04T00:15:07Z,modern rock,Universal Music Group,214373,0,0.568,0.869,7,-5.111,0,0.0385,0.00529,0.0000222,0.206,0.724,105.99,4
6SXzkDUuiVnDQG0CtFMLUb,You're in Love with a Psycho,You're In Love With a Psycho,Kasabian,3/17/2017,jaswills1000,2018-02-04T00:15:54Z,"britpop,indie,indie rock",Columbia,218080,42,0.719,0.801,11,-5.08,0,0.049,0.0234,0.000125,0.178,0.685,120.013,4
0h847iYHZVRg8ojqwnLjk4,Wait Until The End Of This Day,An Unexpected View,Emil Landman,10/21/2016,jaswills1000,2018-02-04T00:16:23Z,folk pop,V2 Records Benelux,187906,0,0.701,0.498,7,-7.556,0,0.0264,0.166,0,0.248,0.498,106.011,4
2yTTGKlx1eSYil5PlKuWlI,Good for Nothing,Sticky Icky,Theo Lawrence,11/25/2016,jaswills1000,2018-02-04T00:16:56Z,americana,Gentilly Potion,276124,0,0.589,0.769,11,-4.852,0,0.039,0.0103,0.00347,0.0848,0.705,103.37,4
3mkmTUcZtQxuKpyM44lGj6,Lights Out,Lights Out,Royal Blood,4/13/2017,jaswills1000,2018-02-04T00:17:13Z,"modern rock,garage rock,rock",Warner Records,236556,35,0.264,0.886,0,-4.342,1,0.0662,0.000123,0.000211,0.0982,0.51,89.979,4
4Sfa7hdVkqlM8UW5LsSY3F,Take a Walk,Gossamer,Passion Pit,7/23/2012,jaswills1000,2018-02-04T00:17:55Z,indie,Columbia,264493,66,0.566,0.755,11,-5.526,1,0.0368,0.0338,0,0.315,0.445,101.006,4
3D5RkmZmTOikPlwBVMApoW,Be Who You Are - Acoustic,Be Who You Are (Acoustic),The Kooks,6/2/2017,jaswills1000,2018-02-04T00:18:09Z,"indie,indie rock",Universal Music Group,203211,0,0.595,0.756,8,-6.014,0,0.0362,0.115,0.00000396,0.187,0.429,138.09,4
0bZveaycpikweNE3fsVuGU,Revolution Rock n Roll,Dirty Pictures (part 1),Low Cut Connie,5/19/2017,jaswills1000,2018-02-04T00:19:22Z,,Contender Records,189280,0,0.435,0.658,1,-6.617,0,0.0379,0.63,0.0183,0.218,0.357,114.706,4
24Jq9wfHPh7LpZ8uYPTpqw,French Press,French Press,Rolling Blackouts Coastal Fever,1/23/2017,jaswills1000,2018-02-04T00:19:48Z,jangle pop,Sub Pop Records,326807,0,0.397,0.915,2,-5.573,1,0.0539,0.0412,0.0641,0.348,0.719,81.044,4
2GhCH5AEMFw1vFz7jrIp24,Love Is Fine,Love Is Fine,The Kickdrums,11/10/2017,jaswills1000,2018-02-04T00:20:49Z,,Kickdrums Musik,207157,0,0.653,0.702,1,-8.287,1,0.033,0.138,0.00176,0.324,0.21,95.036,4
3Q5Pc6K4UXJ0ke6YnklC1e,Lemon to a Knife Fight,Lemon to a Knife Fight,The Wombats,11/7/2017,jaswills1000,2018-02-04T00:21:04Z,indie,The Wombats,205821,0,0.557,0.849,9,-3.58,0,0.0444,0.000889,0,0.0944,0.71,149.994,4
0xChSDJelxwnKOpQg3uaWF,Suitable,Suitable,Nick J.D. Hodgson,10/17/2017,jaswills1000,2018-02-04T00:22:08Z,,Prediction Records,213706,0,0.503,0.719,6,-5.345,1,0.0419,0.135,0,0.293,0.579,137.951,4
6Nhs2yx9FszOM4uTLmr63Z,What You Know,Tourist History (Deluxe),Two Door Cinema Club,2010,jaswills1000,2018-03-06T09:13:04Z,indie,LAB 344,191426,2,0.549,0.755,6,-3.991,0,0.0403,0.000741,0.00000606,0.0786,0.818,139.034,4
4qWCk2JlthJBWmFEms1IOW,I Found Out,"Angus, Thongs and Perfect Snogging",The Pigeon Detectives,2008,jaswills1000,2018-03-16T18:58:59Z,"indie,indie rock",Columbia,123426,0,0.479,0.907,4,-1.723,1,0.0522,0.0679,0,0.325,0.646,146.965,4
0txisWocI2H8yPRjYxLo83,Chelsea Dagger,Costello Music,The Fratellis,1/1/2006,jaswills1000,2018-03-16T19:00:02Z,,Universal-Island Records Ltd.,215306,49,0.508,0.813,7,-3.158,1,0.139,0.0417,0,0.0838,0.55,154.638,4
0FGtGmz8SVEywhUqNFYWsQ,Sheila,Panic Prevention,Jamie T,1/1/2007,jaswills1000,2018-03-26T17:05:12Z,indie,Virgin Records,259813,56,0.729,0.865,7,-6.006,1,0.05,0.0858,0,0.0764,0.709,95.003,4
2zzLRQ78kKfPTx8FJQCdC2,When The Sun Goes Down,"Whatever People Say I Am, That's What I'm Not",Arctic Monkeys,1/29/2006,jaswills1000,2018-04-28T08:00:32Z,"indie,garage rock",Domino Recording Co,202133,74,0.348,0.875,11,-4.758,0,0.199,0.0341,0,0.117,0.407,169.152,4
0u4htORODiTK9vHVA89MQX,Lovefool - Radio Edit,First Band On The Moon,The Cardigans,9/17/1996,jaswills1000,2019-01-27T08:17:40Z,,Universal Music AB,193893,2,0.64,0.602,9,-7.902,1,0.0299,0.0646,0,0.375,0.951,111.87,4
0cs671lxX2eoDzr2KMuo3N,Here Comes Your Man,Doolittle,Pixies,4/17/1989,jaswills1000,2019-03-15T14:36:43Z,alternative rock,4AD,201693,2,0.669,0.783,2,-12.302,1,0.0295,0.0475,0.0296,0.115,0.896,124.518,4
5rE0BrHJsnT37Ig6svCrBR,Alcoholic - Single Version,Good Souls: The Greatest Hits,Starsailor,1/1/2015,jaswills1000,2019-12-31T18:02:47Z,britpop,Rhino,210480,20,0.384,0.666,9,-7.034,0,0.029,0.169,0.0000029,0.111,0.529,101.635,4
5jafMI8FLibnjkYTZ33m0c,High And Dry,The Bends,Radiohead,3/28/1995,jaswills1000,2020-01-23T06:38:05Z,"art rock,alternative rock",XL Recordings,257480,2,0.418,0.383,4,-11.782,1,0.0257,0.0718,0.0177,0.0896,0.352,87.773,4
4KByCMUzfWmvXAO7ILudGb,L.S.F.,Kasabian,Kasabian,9/4/2004,jaswills1000,2020-02-10T14:28:28Z,"britpop,indie,indie rock",RCA Records Label,197600,0,0.613,0.761,9,-7.468,1,0.0343,0.00681,0.000152,0.27,0.44,105.274,4
4g2fZ6wQIZVJ2PmObZUeuj,Elvis Ain't Dead,Scouting For Girls,Scouting For Girls,9/16/2007,jaswills1000,2020-03-06T17:32:30Z,,Epic,229893,0,0.527,0.735,8,-3.24,1,0.0498,0.0159,0,0.103,0.711,155.116,4
76TltGaTNoBoyS7LmRNCYA,She's So Lovely,Scouting For Girls,Scouting For Girls,9/16/2007,jaswills1000,2020-03-06T17:33:28Z,,Epic,223813,2,0.497,0.857,0,-3.313,1,0.0649,0.0622,0,0.0495,0.619,167.142,4
1v2zyAJrChw5JnfafSkwkJ,Shiny Happy People,Out Of Time (25th Anniversary Edition),R.E.M.,3/12/1991,jaswills1000,2020-04-09T22:38:54Z,"jangle pop,alternative rock,rock",Concord Records,225786,74,0.452,0.909,9,-3.977,1,0.0366,0.0313,0.0603,0.23,0.805,124.623,4
3qel23hQWhHT3qGewBQ0pE,Men's Needs,"Men's Needs, Women's Needs, Whatever (Standard Version)",The Cribs,5/12/2007,jaswills1000,2021-01-01T02:19:47Z,"indie rock,indie",Warner Records,195973,44,0.547,0.944,1,-2.264,0,0.0469,0.000102,0.0000995,0.0665,0.835,122.005,4
3clIHVzJ9J2rvvrFUKLICo,She Bangs the Drums - Remastered 2009,The Stone Roses,The Stone Roses,5/2/1989,jaswills1000,2021-01-03T18:39:50Z,"madchester,britpop",Sony Music UK,232333,63,0.339,0.976,9,-4.782,1,0.0909,0.00649,0.00672,0.123,0.672,144.723,4
6E3NosMXYlGD21K7KqIxQ1,I Always Knew,Come Of Age,The Vaccines,9/3/2012,jaswills1000,2021-02-19T23:20:34Z,"indie,indie rock",Columbia,214346,56,0.393,0.872,2,-2.53,1,0.0401,0.000122,0.000407,0.312,0.393,150.097,4
6Y1HIgqlgYSzMalK6eBiEP,Step It Up,Connected,Stereo MC's,1/1/1992,jaswills1000,2022-04-09T16:11:15Z,"acid jazz,madchester",Universal-Island Records Ltd.,301000,51,0.722,0.829,9,-11.96,1,0.0442,0.015,0.0118,0.0769,0.871,117.841,4
6ebxt3Iylxe0GcEuUGlIvb,Dreaming of You,The Coral,The Coral,2/26/2002,jaswills1000,2023-05-26T10:20:01Z,britpop,Sony Music CG,141000,61,0.441,0.684,9,-7.495,0,0.031,0.374,0.000848,0.108,0.971,199.001,4
3q7D4kfMcju2alVibiUAcz,In the Morning,The Invisible Invasion,The Coral,5/23/2005,jaswills1000,2023-05-26T10:20:11Z,britpop,Sony Music UK,152520,55,0.644,0.777,6,-6.165,0,0.0284,0.0252,0,0.0554,0.966,126.257,4
5uB85PzlWrnNnxL2A1TcKD,Pass It On,Magic & Medicine,The Coral,7/28/2003,jaswills1000,2023-05-26T10:20:31Z,britpop,Deltasonic,139133,48,0.395,0.727,7,-6.015,1,0.0375,0.282,0.00000712,0.0683,0.872,179.097,4
58nHXSXuYEowtC6dV8lJrh,Keep Me Around,Lost Property,Turin Brakes,1/29/2016,jaswills1000,2023-05-26T10:22:02Z,,Cooking Vinyl,189213,34,0.579,0.725,11,-7.367,0,0.0359,0.0902,0.00198,0.351,0.492,98.88,4
3qaSqrrevBrb84xl5JlptU,Dakota,Language.Sex.Violence.Other?,Stereophonics,1/1/2005,jaswills1000,2023-05-26T10:22:23Z,britpop,UMC (Universal Music Catalogue),297426,73,0.506,0.93,4,-3.499,1,0.0675,0.129,0.00682,0.0931,0.305,146.994,4
5CDHiIPIxSQLTNtorcZd3g,Prisoners,The Universal Want,Doves,9/11/2020,jaswills1000,2023-05-26T10:23:05Z,"britpop,madchester",EMI / Heavenly Recordings,266586,35,0.24,0.938,9,-3.397,0,0.101,0.0116,0.0000947,0.144,0.211,163.997,4
12je8giC2S9smUHJ81tpiL,5 Years Time,"Peaceful, The World Lays Me Down",Noah And The Whale,1/1/2008,jaswills1000,2023-05-26T10:23:16Z,indie folk,EMI,214933,55,0.804,0.552,0,-7.108,1,0.113,0.4,0,0.1,0.748,121.996,4
4rwOvI1E7CAlOX0XZ5EMyG,Something to Talk About,About A Boy Soundtrack,Badly Drawn Boy,4/8/2002,jaswills1000,2023-05-26T10:23:35Z,"chamber pop,britpop",XL Recordings,220866,48,0.596,0.61,0,-9.935,1,0.0254,0.0846,0.161,0.118,0.529,120.46,4
1GBBhEVBjf1JOulr4ndhip,Apply Some Pressure,A Certain Trigger,Maximo Park,5/16/2005,jaswills1000,2023-05-26T10:24:08Z,"indie,britpop,indie rock",Warp Records,200346,53,0.378,0.953,9,-3.632,1,0.139,0.000706,0.0000283,0.0935,0.512,167.808,4
2fyIS6GXMgUcSv4oejx63f,Mardy Bum,"Whatever People Say I Am, That's What I'm Not",Arctic Monkeys,1/29/2006,jaswills1000,2023-05-26T10:25:02Z,"indie,garage rock",Domino Recording Co,175440,74,0.634,0.599,2,-5.447,1,0.0365,0.0288,0,0.197,0.312,112.215,4
1ukD03eJFnwjczPA3UCiFz,Have I Been a Fool,Matinée,Jack Peñate,10/8/2007,jaswills1000,2023-05-26T10:26:36Z,,XL Recordings,159813,31,0.539,0.944,7,-6.245,1,0.0383,0.0692,0.000357,0.0806,0.719,110.419,4
11be7lG0UF9YKRVfyVFrxX,Zuton Fever,Who Killed The Zutons?,The Zutons,2004,jaswills1000,2023-05-26T10:27:16Z,,Deltasonic,186666,37,0.387,0.831,11,-4.208,1,0.0402,0.009,0.0000335,0.308,0.751,158.438,4
73JnItJ3dofEssv5hWFHDs,Another Sunny Day,The Life Pursuit,Belle and Sebastian,2/6/2006,jaswills1000,2023-05-26T13:07:26Z,"chamber pop,baroque pop",Rough Trade,244400,48,0.405,0.783,8,-5.408,1,0.0404,0.00306,0,0.0635,0.842,156.085,4
5gYFK0VGlQ7cNmMhMZaNRi,Lemon to a Knife Fight,Beautiful People Will Ruin Your Life,The Wombats,2/9/2018,jaswills1000,2023-06-14T18:05:21Z,indie,The Wombats,205821,55,0.558,0.852,9,-3.582,0,0.0446,0.000884,0,0.094,0.734,149.999,4
5MmWgG5KgiqSxkOZdVXRQA,Why Does It Always Rain On Me?,The Man Who,Travis,1/1/1999,jaswills1000,2023-06-14T18:54:10Z,britpop,Craft Recordings,265000,64,0.497,0.537,4,-9.264,1,0.0269,0.079,0.000139,0.0782,0.371,108.448,4
3hjaAXpqBfhoQa4I2MYRiv,Boomer,Live Forever,Bartees Strange,10/2/2020,jaswills1000,2023-06-19T22:44:17Z,,Memory Music,197521,0,0.552,0.956,9,-3.197,1,0.167,0.00169,0,0.359,0.669,159.999,4
5W4j8PLpYKZ28VoZ6svF7F,Somewhere,Somewhere,Cold War Kids,8/7/2020,jaswills1000,2023-06-19T22:44:34Z,modern rock,CWKTWO Corp.,267146,0,0.392,0.864,2,-5.134,1,0.0883,0.0207,0.00000561,0.112,0.247,106.946,4
2teMWxI0AhcKHArtjumPzZ,Lemonade,Lemonade,"Circa Waves,Alfie Templeman",8/27/2020,jaswills1000,2023-06-19T22:44:45Z,indie,Prolifica Inc.,220106,45,0.789,0.692,2,-4.733,1,0.0295,0.0326,0.00548,0.157,0.705,103.975,4
2m17BTWlZq0wtS9cpJsCfM,Kill Of The Night,Gravel & Wine,Gin Wigmore,2011,jaswills1000,2023-06-19T22:44:52Z,,Universal Music Australia Pty. Ltd.,205306,55,0.506,0.7,0,-5.716,1,0.0487,0.00998,0.000124,0.37,0.561,126.235,4
5eR6OS3joTAHJToyzehKfu,Trouble’s Coming,Trouble’s Coming,Royal Blood,9/24/2020,jaswills1000,2023-06-19T22:45:08Z,"modern rock,garage rock,rock",Warner Records,228400,50,0.775,0.688,1,-5.038,0,0.0384,0.0533,0,0.321,0.805,112.009,4
7I2f9GyyVCOLNlsugTrHiI,The Fuckin You Get for the Fuckin You Got,Private Lives,Low Cut Connie,10/13/2020,jaswills1000,2023-06-19T22:45:15Z,,Contender Records,164106,0,0.593,0.654,7,-4.861,0,0.0315,0.267,0,0.0854,0.804,137.251,4
6140Uf7R4cNyHUJnhYG5h7,If I Had My Way,Protean Threat,"Osees,Thee Oh Sees",9/18/2020,jaswills1000,2023-06-19T22:45:26Z,"psychedelic rock,garage rock,krautrock,noise rock,space rock,acid rock",Castle Face,167573,42,0.637,0.893,9,-8.198,1,0.0687,0.0309,0.76,0.173,0.823,105.866,4
03Lsa8o45lF5jGksuM8fwa,Wheels,A Freak Grows in Brooklyn,Ryan Scott,8/23/2019,jaswills1000,2023-06-19T22:45:51Z,,Make My Own Records BYOB,185620,31,0.873,0.592,1,-4.958,1,0.0945,0.0792,0.00193,0.106,0.823,131.552,4
3x9Fdxt2AvcFQDzt3hLu8h,A Hero's Death,A Hero's Death,Fontaines D.C.,7/31/2020,jaswills1000,2023-06-19T22:46:26Z,post-punk,PTKF,258252,0,0.304,0.917,2,-4.129,1,0.0728,0.0045,0,0.142,0.437,197.847,4
41vUuxf0KFlUdTfyehVjoN,Haunted House,The Madcaps,The Madcaps,3/30/2015,jaswills1000,2023-06-19T22:46:37Z,,Howlin Banana Records,159844,0,0.455,0.898,10,-3.497,0,0.0356,0.000343,0,0.0397,0.741,91.39,4
1SxC3v3Mcm5VPxeXaF59NY,Another Sunny Day,The Life Pursuit,Belle and Sebastian,2/7/2006,jaswills1000,2023-06-19T22:46:49Z,"chamber pop,baroque pop",Matador,244400,0,0.402,0.785,8,-5.441,1,0.0419,0.00343,0,0.0624,0.838,156.108,4
5zTspskzJf7m5FXqmiEMA5,Queuejumper,Office Politics,The Divine Comedy,6/7/2019,jaswills1000,2023-06-19T22:46:59Z,"chamber pop,baroque pop,britpop,comedy",Divine Comedy Records,187026,25,0.654,0.818,9,-6.851,1,0.0987,0.172,0.000704,0.213,0.74,175.988,4
1moe13YJt9zgGMyMbCZ5Gt,Glimmer,Why Me? Why Not. (Deluxe Edition),Liam Gallagher,9/20/2019,jaswills1000,2023-06-19T22:47:10Z,"britpop,madchester,acoustic rock",Warner Records,221147,32,0.427,0.892,5,-3.925,0,0.0692,0.00701,0.000018,0.288,0.671,202.874,4
6e2pJqucDMxbp061B40r6O,Bad Decisions,Bad Decisions,The Strokes,2/18/2020,jaswills1000,2023-06-19T22:47:24Z,"garage rock,indie rock,alternative rock",Cult Records/RCA Records,293360,0,0.374,0.922,0,-3.4,1,0.056,0.0135,0.204,0.28,0.393,153.217,4
1Od5w27pYfqmN5pzLhase5,Got My Favourite,Matinée,Jack Peñate,10/8/2007,jaswills1000,2023-06-19T22:47:37Z,,XL,232546,0,0.535,0.91,1,-4.681,1,0.0735,0.0558,0.000153,0.137,0.875,123.022,4
0Dz1yGASx3ceJgCDv1muVf,The Keeper,The Keeper,Blossoms,11/21/2019,jaswills1000,2023-06-19T22:47:49Z,indie,EMI,203266,28,0.508,0.631,2,-6.479,1,0.0273,0.0221,0.0093,0.244,0.284,106.038,4
2Y3ttqzsNriN4BNo6c4yvy,Mosquito on the Wall,B - Z Sides (2003 - 2017) [In Rough Chronological Order],The Wombats,12/24/2019,jaswills1000,2023-06-19T22:48:01Z,indie,Warner Records,251253,36,0.409,0.848,1,-4.915,1,0.0829,0.00677,0,0.0612,0.432,101.969,4
1j717HdHFPFwbBEAk2kwJQ,Broken Boy (feat. Iggy Pop),Broken Boy (feat. Iggy Pop),"Cage The Elephant,Iggy Pop",1/23/2020,jaswills1000,2023-06-19T22:48:12Z,"modern rock,proto-punk,glam rock",RCA Records Label,163207,41,0.492,0.939,6,-3.501,0,0.118,0.00247,0.0021,0.131,0.484,166.03,4
0TroC0uVlRQ6o8lFZyCp8Y,Compromised,Gentle Grip,Public Practice,5/15/2020,jaswills1000,2023-06-19T22:48:36Z,post-punk,Wharf Cat Records,193373,0,0.525,0.774,9,-4.687,1,0.0416,0.00207,0.00834,0.159,0.928,175.29,4
7BtckDZlkwveDb9gljtWpS,Trouble Every Day,Trouble Every Day EP,She Drew The Gun,11/15/2019,jaswills1000,2023-06-19T22:48:48Z,,Skeleton Key,201520,0,0.654,0.688,2,-7.985,1,0.285,0.151,0.00000794,0.173,0.852,139.978,4
2a5jE2uYvJMESMfFVFRqTE,Please Don't (In Isolation),Please Don't (In Isolation),"Courteeners,Blossoms",7/10/2020,jaswills1000,2023-06-19T22:48:57Z,"indie,madchester",Courteeners,212445,32,0.649,0.646,5,-6.343,1,0.0256,0.00995,0.00159,0.255,0.673,122.037,4
0g2PEMHME7QjuXyC2n1iR7,Running Into You,Night Network,The Cribs,11/20/2020,jaswills1000,2023-06-19T22:49:35Z,"indie rock,indie",Sonic Blew,171602,28,0.209,0.955,7,-2.15,1,0.0683,0.00667,0.00015,0.18,0.201,135.685,4
79wNBxoldleMLcEB1DcY7B,Green Eye-Shade,How Ill Thy World Is Ordered,"Daniel Romano,The Outfit",9/18/2020,jaswills1000,2023-06-19T22:49:45Z,"alt country,americana",You've Changed Records,138462,0,0.54,0.872,6,-2.755,0,0.0384,0.0834,0,0.0766,0.945,121.612,4
7bDXOmr5lzBfnRLoOUbaDH,No One Knows,No One Knows,The Vaccines,1/20/2021,jaswills1000,2023-06-19T22:50:58Z,"indie,indie rock",Super Easy,251076,0,0.734,0.391,0,-13.055,0,0.0407,0.0281,0.186,0.0601,0.78,169.105,4
21uBvFnpC29GjXNYF8mOVS,The Modern Age - Rough Trade Version,The Modern Age (Rough Trade Version),The Strokes,1/13/2023,jaswills1000,2023-06-19T22:51:31Z,"garage rock,indie rock,alternative rock",Legacy Recordings,192853,0,0.493,0.787,2,-7.712,1,0.0334,0.0224,0.00227,0.253,0.88,160.12,4
03COlVqn5cuG51u2txqzGt,Hurricane Coming,Hurricane Coming,The Heavy,1/13/2023,jaswills1000,2023-06-19T22:51:41Z,,The Heavy,212760,29,0.501,0.928,2,-5.571,1,0.108,0.00566,0.00000132,0.0577,0.331,134.016,4
4E6pemZ3WutASrphiRINbd,Kill Or Be Killed,Kill Or Be Killed,Muse,7/21/2022,jaswills1000,2023-06-19T22:51:59Z,"alternative rock,rock",Warner Records,299060,41,0.246,0.988,11,-2.278,0,0.193,0.0000103,0.000117,0.338,0.192,124.651,4
12uzUi6WTiWYb7qwWSRs6g,Jennifer,Raw Data Feel,Everything Everything,5/20/2022,jaswills1000,2023-06-19T22:52:13Z,,Infinity Industries,257853,0,0.57,0.79,9,-6.981,1,0.0609,0.11,0.000123,0.318,0.714,157.993,4
5iCCZ2OAPs3phemd983jGc,What You Say (feat. Zella Day),What You Say (feat. Zella Day),"Cold War Kids,Zella Day,Spacebar",3/4/2022,jaswills1000,2023-06-19T22:52:45Z,modern rock,CWKTWO Corp.,186098,0,0.651,0.796,7,-5.618,1,0.0615,0.0267,0.00000114,0.282,0.451,116.9,4
4v6soAl2R4sJB6Iyt2aiHw,Fear Of The Dawn,Love Is Selfish,Jack White,2/11/2022,jaswills1000,2023-06-19T22:53:00Z,blues rock,"2021 Third Man Records, LLC",122901,0,0.285,0.923,0,-6.701,1,0.0973,0.000537,0.000133,0.525,0.16,139.211,4
22uorZHWp6U89kCJugaqiR,Thunder Fever,Thunder Fever,The Vaccines,2/23/2022,jaswills1000,2023-06-19T22:53:16Z,"indie,indie rock",Super Easy,189517,0,0.55,0.967,1,-3.275,0,0.0405,0.0163,0.0000378,0.227,0.943,139.99,4
2uZeiDN9WNvkVdMe4gQPFv,What You Say,What You Say,Cold War Kids,6/11/2021,jaswills1000,2023-06-19T22:54:35Z,modern rock,CWKTWO Corp.,208973,0,0.686,0.814,7,-5.683,1,0.051,0.0125,0.0000166,0.358,0.646,116.939,4
1lD48THcebkuZPKIgoxADP,Headphones Baby,Headphones Baby,The Vaccines,5/14/2021,jaswills1000,2023-06-19T22:54:55Z,"indie,indie rock",Super Easy,198466,0,0.522,0.88,10,-3.873,1,0.0959,0.00186,0,0.16,0.659,129.971,4
5VhILT7EzsmU9PDa7vxdkC,Time to Go,Tea Room Sessions,Brothers Moving,4/30/2021,jaswills1000,2023-06-19T22:55:20Z,,Union Square ApS,257329,36,0.617,0.684,7,-11.926,1,0.0529,0.0379,0.000842,0.0649,0.906,159.048,4
5x2u3LP7WxrHGCFmsowqqP,Hi Babe,Day of Judgement,"Ngozi Family,Paul Ngozi",8/26/2014,jaswills1000,2023-06-19T22:55:33Z,psychedelic rock,Now Again Records,243626,33,0.779,0.737,8,-9.049,1,0.0808,0.924,0.086,0.101,0.921,122.626,4
5pFVPDv8Xyw7HLl3VZsuCv,Vacancy,Vacancy,The Coral,4/15/2021,jaswills1000,2023-06-19T22:55:42Z,britpop,Modern Sky UK,163506,0,0.55,0.924,5,-5.756,1,0.0362,0.0725,0.0821,0.285,0.567,129.992,4
6Ci6L6EeLqR6VHV1DBJy2S,Boilermaker,Boilermaker,Royal Blood,4/13/2021,jaswills1000,2023-06-19T22:55:53Z,"modern rock,garage rock,rock",Warner Records,209480,42,0.446,0.778,7,-4.774,1,0.173,0.000201,0.662,0.0492,0.683,94.508,4
5nUrlBwZiaPcCKpBM7iT1W,Limbo,Limbo,Royal Blood,3/25/2021,jaswills1000,2023-06-19T22:56:20Z,"modern rock,garage rock,rock",Warner Records,293093,38,0.563,0.865,8,-5.573,1,0.0572,0.00022,0.0124,0.214,0.393,125.011,4
1bw8MQNG3NOQCfJQD1Auxt,Countdown To Shutdown,Countdown To Shutdown,The Hives,6/13/2023,jaswills1000,2023-06-19T22:57:04Z,garage rock,Disques Hives,193557,32,0.501,0.972,9,-2.144,0,0.0689,0.00114,0.0625,0.169,0.788,143.553,4
1TJmuC4kMe1ewZdybH159I,Bogus Operandi,Bogus Operandi,The Hives,5/2/2023,jaswills1000,2023-06-19T22:57:25Z,garage rock,Disques Hives,223785,40,0.354,0.994,11,-1.58,0,0.182,0.0228,0.0000328,0.318,0.0986,144.978,4
13bEwk7dTy0RdOAY3ZNNBD,Golden Touch - Full Length,Up All Night,Razorlight,2004,jaswills1000,2023-06-19T23:04:24Z,"indie,britpop",EMI,205213,62,0.606,0.532,1,-4.173,0,0.0248,0.0956,0.0000127,0.276,0.695,95.315,4
5dvBeCMTzUNjyWIcuykzyh,Everyday I Love You Less And Less,Employment,Kaiser Chiefs,2005,jaswills1000,2023-06-19T23:04:30Z,"britpop,indie rock",Polydor Records,217706,61,0.49,0.956,1,-4.556,0,0.0407,0.00466,0.00000615,0.242,0.577,160.028,4
37pFLuNVnAJQL9ysRoKTdy,Your Love Alone Is Not Enough (feat. Nina Persson),Send Away The Tigers,"Manic Street Preachers,Nina Persson",5/7/2007,jaswills1000,2023-06-19T23:05:01Z,britpop,Columbia,235693,50,0.344,0.921,2,-3.049,1,0.0459,0.00143,0.0000113,0.38,0.396,126.766,4
64IcdRqfcN5rwqSqJpQDDe,In The Morning,Razorlight,Razorlight,1/1/2006,jaswills1000,2023-06-19T23:05:08Z,"indie,britpop",EMI,222453,57,0.616,0.855,4,-3.495,0,0.042,0.00379,0.000863,0.318,0.686,124.191,4
1Hnv9uDIokwi4nkcVUyS0X,Mrs. Robinson - 2022 Remastered Edition,It's a Shame About Ray (Expanded Edition),The Lemonheads,1/1/1992,jaswills1000,2023-06-19T23:05:38Z,"power pop,alternative rock",Fire Records,224480,61,0.494,0.936,4,-7.195,0,0.0401,0.0112,0.000693,0.276,0.835,107.393,4
0pzjcWYkyynxhONSm5C8Cu,My Doorbell,Get Behind Me Satan,The White Stripes,6/7/2005,jaswills1000,2023-06-19T23:07:17Z,"garage rock,blues rock,rock,alternative rock",Legacy Recordings,241866,54,0.614,0.663,8,-9.965,1,0.0352,0.29,0.00682,0.0986,0.823,97.083,4
7lJ9MeQgqHlBrE69omD4rN,Charmless Man - 2012 Remaster,The Great Escape (Special Edition),Blur,9/11/1995,jaswills1000,2023-06-19T23:07:44Z,"britpop,madchester,alternative rock",Parlophone UK,213986,56,0.535,0.876,9,-6.523,1,0.0418,0.00759,0,0.035,0.846,116.766,4
5vollujufHY0jMZxx77VWr,All These Things That I've Done,Hot Fuss,The Killers,2004,jaswills1000,2023-06-19T23:09:56Z,alternative rock,Island Records,301866,74,0.539,0.702,6,-7.291,1,0.0436,0.00245,0.0000237,0.117,0.206,118.106,4
1K5vb3Yu4F8yMaHggtdpDY,Wreckin' Bar (Ra Ra Ra),What Did You Expect from The Vaccines?,The Vaccines,3/14/2011,jaswills1000,2023-09-23T08:26:32Z,"indie,indie rock",Columbia,81720,48,0.28,0.936,8,-3.44,1,0.0582,0.0000354,0.00254,0.271,0.772,180.298,4
60Ih7J2Q1o9shvMC2OAALu,Let's Dance to Joy Division,"Proudly Present... A Guide to Love, Loss & Desperation (Special Edition)",The Wombats,7/9/2007,jaswills1000,2024-01-12T21:49:50Z,indie,Roadrunner Records,191293,50,0.399,0.838,4,-6.679,1,0.102,0.00127,0,0.576,0.747,116.911,4
6Ca3uEAuun3HusTUiIXKs1,If You Wanna,What Did You Expect from The Vaccines?,The Vaccines,3/14/2011,jaswills1000,2024-02-29T06:19:04Z,"indie,indie rock",Columbia,174013,61,0.353,0.866,2,-3.274,1,0.0392,0.0000303,0.00003,0.295,0.544,165.215,4
0nCAVzknkzRXRgB6LhRv04,Molly's Chambers,Youth And Young Manhood,Kings of Leon,8/19/2003,jaswills1000,2024-03-11T15:15:06Z,modern rock,RCA/Legacy,134906,60,0.598,0.911,11,-3.97,1,0.0515,0.222,0.00000384,0.216,0.953,146.469,4
5Vuwnfp0REIPQ1HXwqfNWt,Trouble Adjusting,Trouble Adjusting,Miya Folick,5/12/2017,jaswills1000,2024-11-06T15:22:54Z,,Terrible Records,222933,0,0.363,0.824,4,-3.316,1,0.0405,0.011,0,0.105,0.164,118.66,4
3Lz1zknpdBiYQ4oQANf3g0,Mars To Liverpool,Mars To Liverpool,"Liam Gallagher,John Squire",1/26/2024,jaswills1000,2024-11-07T06:25:40Z,"britpop,madchester,acoustic rock",Warner Records,220940,37,0.356,0.881,7,-2.554,1,0.0516,0.0000348,0.00011,0.28,0.471,119.957,4
2B664ulJSVBd6B8SAY3Wux,Oysters In My Pocket,Oysters In My Pocket,Royel Otis,3/10/2022,jaswills1000,2024-11-07T06:25:53Z,indie,House Anxiety / Ourness,162338,77,0.598,0.924,6,-4.974,0,0.0623,0.0205,0.799,0.17,0.611,168.017,4
0Bfu8xiBLLtNk66S0CWnPY,Heaven In Your Hands,Heaven In Your Hands,Cold War Kids,1/31/2024,jaswills1000,2024-11-07T06:26:09Z,modern rock,CWKTWO Corp.,178032,28,0.548,0.844,0,-3,1,0.0405,0.00536,0,0.126,0.521,125.932,4
2EWpa5XnAuSn0sIkSSIhYk,Wish I Knew You,Men Amongst Mountains,The Revivalists,7/15/2015,jaswills1000,2024-11-07T06:27:27Z,,Concord Records,274093,71,0.649,0.718,0,-6.593,0,0.0261,0.142,0.0713,0.124,0.718,101.034,4
3ffFwRkfTvWJ0sXNYQcUZS,Coming Back To Me Good,Coming Back To Me Good,Kasabian,4/12/2024,jaswills1000,2024-11-07T06:27:47Z,"britpop,indie,indie rock",Columbia,169568,45,0.486,0.805,9,-4.435,1,0.0426,0.000741,0,0.288,0.496,123.079,4
5YCxOVBx9cLKgz4gLP3xrM,Attention Is the New Heroine,Attention Is the New Heroine,Reverse Pathogen,9/27/2024,jaswills1000,2024-11-07T06:48:23Z,,High and Mighty Entertainment,134178,17,0.523,0.944,4,-4.682,1,0.0551,0.567,0.00000116,0.271,0.939,146,4
6aqlomBbhVYPAa18wTa68x,Mysterious Ways,Attention Is the New Heroine,Reverse Pathogen,9/27/2024,jaswills1000,2024-11-07T06:48:57Z,,High and Mighty Entertainment,203684,19,0.472,0.956,10,-5.562,1,0.0763,0.283,0.00107,0.354,0.388,152.139,4
3EWi57gDY3HaHZdExEFwqW,Cold Heart,10 Tracks to Echo in the Dark,The Kooks,7/22/2022,jaswills1000,2024-11-07T06:52:19Z,"indie,indie rock",Lonely Cat,283253,0,0.685,0.618,9,-4.677,0,0.0293,0.129,0,0.079,0.666,117.973,4
0vQYe6g8bNbdUKnUnXdQQV,My Love - Edit,My Love,Florence + The Machine,3/10/2022,jaswills1000,2024-11-07T06:53:11Z,baroque pop,Polydor Records,177511,46,0.534,0.87,9,-4.428,0,0.075,0.00127,0,0.355,0.328,121.841,4
2XRh87n9CQoWkWW94H3Min,Viva Las Vengeance,Viva Las Vengeance,Panic! At The Disco,6/1/2022,jaswills1000,2024-11-07T06:53:28Z,emo,DCD2 / Fueled By Ramen,206580,0,0.211,0.821,9,-5.423,0,0.0732,0.0000125,0.0329,0.104,0.371,153.742,4
3C1K4f2MqtKbCBWSHZXFLb,Struck Dumb,The Chaos,The Futureheads,6/21/2010,jaswills1000,2024-11-07T06:59:37Z,,Nul Records,170293,28,0.388,0.884,7,-3.28,0,0.067,0.000552,0.00000587,0.357,0.608,155.743,4
1H5VQuShs4qfwBXyHF0PeH,Narcotic - Radio Edit,Narcotic,Liquido,7/10/1998,jaswills1000,2024-11-24T00:02:55Z,,Liquido Music,236150,72,0.617,0.607,1,-7.015,1,0.0231,0.000876,0.0701,0.0918,0.446,102.068,4
47TmpTqYg4adfn3waOsgfJ,Guiding Star,Mother Nature Calls,Cast,4/14/1997,jaswills1000,2024-12-01T11:10:43Z,"britpop,madchester",Polydor Records,238666,39,0.556,0.746,10,-8.799,1,0.0361,0.135,0,0.225,0.948,126.357,4
6wiXnlnF9df34GFIo8Ez3I,Frank Sinatra,Fashion Nugget,CAKE,1996,jaswills1000,2025-03-03T06:55:45Z,alternative rock,Volcano,241026,0,0.679,0.514,7,-9.2,1,0.0421,0.184,0.0235,0.177,0.535,114.225,4
3OOFEF20WqtsUPcRbPY3L7,Short Skirt / Long Jacket,Comfort Eagle,CAKE,7/24/2001,jaswills1000,2025-03-03T06:56:05Z,alternative rock,Columbia,204128,67,0.771,0.809,2,-10.029,1,0.0461,0.003,0.0223,0.0252,0.886,120.038,4
7f9I5WdyXm5q1XqnSYgQZb,Brianstorm,Favourite Worst Nightmare,Arctic Monkeys,4/22/2007,jaswills1000,2025-03-08T10:48:42Z,"indie,garage rock",Domino Recording Co,172866,68,0.42,0.974,1,-4.706,1,0.191,0.0000815,0.00155,0.0871,0.463,165.182,4
3DQVgcqaP3iSMbaKsd57l5,I Bet You Look Good On The Dancefloor,"Whatever People Say I Am, That's What I'm Not",Arctic Monkeys,1/29/2006,jaswills1000,2025-03-08T10:48:53Z,"indie,garage rock",Domino Recording Co,173680,74,0.535,0.948,6,-4.19,0,0.0356,0.00225,0,0.376,0.778,103.183,4
