﻿1,2,3,4,5,6,7,8,9,10,11,12,13,14,15,16,17,18,19,20,21,22,23
Track ID,Track Name,Album Name,Artist Name(s),Release Date,Added By,Added At,Genres,Record Label,Duration (ms),Popularity,Danceability,Energy,Key,Loudness,Mode,Speechiness,Acousticness,Instrumentalness,Liveness,Valence,Tempo,Time Signature
7tPytV9cPCLQOXmfkaXq55,Now We're Free - Lofi mix,Now We're Free (Lofi mix),"Cavaro,Kylah,Jin Jin",11/26/2024,1232607050,2024-12-06T14:47:48Z,lo-fi,LOW FREQS,151750,31,0.609,0.245,6,-12.44,0,0.0407,0.923,0.917,0.118,0.134,77.989,4
6NH66q7HZIovcfuYnEHsY5,Euforia,Euforia,"PBdR,Eliott Weingand",5/11/2023,bumbum24,2023-05-15T14:19:26Z,"jazz beats,lo-fi",Soave lo-fi,141428,27,0.809,0.56,9,-9.226,0,0.11,0.748,0.886,0.111,0.416,96.009,4
2eVZ9NWQIEJVopTJ9rkkAK,Unholy,Unholy,"Peaceful Melody,soave lofi",5/11/2023,bumbum24,2023-05-15T14:19:26Z,lo-fi,Soave lo-fi,111428,35,0.612,0.327,2,-13.143,1,0.0294,0.755,0.87,0.103,0.144,112.085,4
7CSyMUfT9NzxuPAFGPskkQ,Cold Sunday,Cold Sunday,Melt On,5/4/2023,bumbum24,2023-05-15T14:19:26Z,"lo-fi beats,lo-fi",Soave lo-fi,84705,15,0.778,0.651,1,-12.025,1,0.0795,0.308,0.928,0.565,0.619,170.025,4
2ZoJq4JGvX9fF9jY6JGVUT,Die With a Smile - Lofi Mix,Die With a Smile (Lofi Mix),"Cavaro,Kylah,Jin Jin",1/30/2025,1232607050,2025-02-21T17:41:30Z,lo-fi,LOW FREQS,94970,28,0.661,0.279,4,-14.448,0,0.068,0.954,0.969,0.111,0.262,147.973,3
2zv498eiks9NhlpfjcQTYG,Take A Break,Take A Break,"Mike Beating,Paxkalito",5/4/2023,bumbum24,2023-05-15T14:19:26Z,"jazz beats,lo-fi",Soave lo-fi,124137,29,0.676,0.425,0,-11.065,0,0.0698,0.316,0.0326,0.138,0.525,87.004,4
0xtrSBWcjFU2yWXdCEg4xG,Infinite Universe,Infinite Universe,"Velvet Echo,Lofi Serenade",3/14/2025,1232607050,2025-03-21T04:46:08Z,,Soave lo-fi,165862,7,0.584,0.285,4,-24.723,1,0.048,0.967,0.964,0.0984,0.336,134.014,4
4Vid9re72WGkiBT2gRvNNL,Watermelon Sugar,Watermelon Sugar,"suroboi,Chill Jam,soave lofi",4/27/2023,bumbum24,2023-05-15T14:19:26Z,lo-fi,Soave lo-fi,181881,31,0.621,0.0699,9,-25.413,1,0.0338,0.721,0.00000453,0.17,0.176,114.793,4
1JIpSRoEej4e1qXk1tFVYD,Watermelon Sugar (Instrumental Version),Watermelon Sugar,"suroboi,Chill Jam,soave lofi",4/27/2023,bumbum24,2023-05-15T14:19:26Z,lo-fi,Soave lo-fi,181881,31,0.704,0.358,9,-11.035,1,0.0274,0.863,0.854,0.176,0.3,114.759,4
0aPIoFTi6NBneiPp1ggPkf,Park Slope,Park Slope,"HUSBAND,soave lofi",4/20/2023,bumbum24,2023-05-15T14:19:26Z,lo-fi,Soave lo-fi,106000,26,0.737,0.548,2,-7.532,1,0.0372,0.0477,0.879,0.236,0.567,95.034,4
4VHfbyVs3VsJWe6OlSgGFf,Timeless,Timeless,"PBdR,soave lofi",4/20/2023,bumbum24,2023-05-15T14:19:26Z,"jazz beats,lo-fi",Soave lo-fi,113142,20,0.811,0.401,5,-9.894,0,0.17,0.811,0.604,0.171,0.434,80.041,3
1mwgAcYZEfOYnwFkIjiCYO,Put Your Records On,Put Your Records On,"suroboi,Chill Jam,soave lofi",4/13/2023,bumbum24,2023-05-15T14:19:26Z,lo-fi,Soave lo-fi,185240,16,0.41,0.363,6,-12.552,1,0.0491,0.435,0.000421,0.133,0.0656,131.936,4
4mzPpbT3O17QpOb7pUGY1p,Love Is Forever,Love Is Forever,"Velvet Echo,Lofi Serenade",3/7/2025,1232607050,2025-03-21T04:46:11Z,,Soave lo-fi,112500,6,0.729,0.139,5,-18.652,1,0.0531,0.946,0.947,0.0839,0.246,141.036,4
3HWxFknLiUjiOUYDTVQKhC,Put Your Records On (Instrumental Version),Put Your Records On,"suroboi,Chill Jam,soave lofi",4/13/2023,bumbum24,2023-05-15T14:19:26Z,lo-fi,Soave lo-fi,185240,42,0.532,0.141,6,-16.764,1,0.0292,0.917,0.866,0.107,0.0617,132.718,4
5qWaDFu25myriob6O3o82A,Stay,Stay,"Cosmic Koala,Lucid Keys,Dinis",4/13/2023,bumbum24,2023-05-15T14:19:26Z,"lo-fi,lo-fi beats",Soave lo-fi,164500,17,0.373,0.333,4,-13.664,1,0.0347,0.578,0.783,0.127,0.175,121.539,4
3vNziaOCjvGvmmNRlp6faG,Missed Call,Missed Call,"PBdR,Eliott Weingand",4/6/2023,bumbum24,2023-05-15T14:19:26Z,"jazz beats,lo-fi",Soave lo-fi,123428,14,0.718,0.459,5,-9.335,0,0.327,0.916,0.874,0.359,0.71,82.058,4
45AkjUJsq06xYLWbwVjggC,Salt Leek City,Salt Leek City,"Lofries,soave lofi",4/6/2023,bumbum24,2023-05-15T14:19:26Z,"jazz beats,lo-fi",Soave lo-fi,129878,22,0.468,0.473,7,-9.268,0,0.131,0.865,0.412,0.226,0.0622,163.567,4
5c5SqH4ccPEVfZLsGDHGmT,Ordinary People - Instrumental Version,Ordinary People,"suroboi,Chill Jam,soave lofi",3/30/2023,bumbum24,2023-05-15T14:19:26Z,lo-fi,Soave lo-fi,143545,36,0.695,0.142,7,-10.857,1,0.0445,0.975,0.943,0.0805,0.293,123.003,4
6M6bdUF4X4NBmEK5qWmZwm,First Coffee In the Morning,First Coffee In the Morning,"Mister Decaf,soave lofi",3/23/2023,bumbum24,2023-05-15T14:19:26Z,"jazz beats,lo-fi,lo-fi beats",Soave lo-fi,122891,32,0.656,0.565,5,-8.766,0,0.133,0.532,0.88,0.133,0.431,166.18,4
3QppKiCUqew6nGjj7CmEed,Red Lights,Red Lights,Your Magnolia,3/23/2023,bumbum24,2023-05-15T14:19:26Z,"lo-fi,lo-fi beats",Soave lo-fi,154047,18,0.574,0.324,3,-18.242,1,0.0455,0.817,0.858,0.109,0.0761,124.046,4
6L08jFKyinFEn4qfj3dFjy,Lucky Dice,Lucky Dice,"PBdR,soave lofi",3/16/2023,bumbum24,2023-05-15T14:19:26Z,"jazz beats,lo-fi",Soave lo-fi,148714,26,0.709,0.247,1,-13.093,0,0.0982,0.887,0.932,0.151,0.328,84.836,4
6aVVYJ9bemf4sjbVY4yBYW,Iris,Iris,"suroboi,soave lofi,Chill Jam",3/16/2023,bumbum24,2023-05-15T14:19:26Z,lo-fi,Soave lo-fi,143502,10,0.648,0.0681,8,-26.729,1,0.0356,0.934,0.0315,0.0759,0.0611,129.509,4
7yJBmdiPUsp3kAcHJA7HEE,Iris - Instrumental Version,Iris,"suroboi,soave lofi,Chill Jam",3/16/2023,bumbum24,2023-05-15T14:19:26Z,lo-fi,Soave lo-fi,144313,35,0.627,0.0525,8,-30.035,1,0.0317,0.969,0.905,0.106,0.0707,129.53,4
44zKoBIY0C87EbGRyGsz5R,Dreamride,Dreamride,"Maadrhino,soave lofi",3/9/2023,bumbum24,2023-05-15T14:19:26Z,"lo-fi beats,lo-fi",Soave lo-fi,109500,17,0.565,0.199,0,-12.938,1,0.0804,0.489,0.465,0.0793,0.315,159.675,4
6LbKeDn3ywGp9IgqONpMjW,Heat Waves,Heat Waves,"Peaceful Melody,soave lofi",3/9/2023,bumbum24,2023-05-15T14:19:26Z,lo-fi,Soave lo-fi,128000,38,0.604,0.426,11,-10.473,1,0.0339,0.916,0.958,0.11,0.163,75.011,4
6413VUnDL7gjMK2laQCDGK,Healing,Healing,"Lucid Keys,soave lofi",3/2/2023,bumbum24,2023-05-15T14:19:26Z,lo-fi,Soave lo-fi,134032,20,0.599,0.123,10,-17.284,1,0.0348,0.981,0.871,0.105,0.0828,123.78,4
6rjMtkRmyKdULDYL6kJFOX,Orange Juice,Orange Juice,Your Magnolia,3/2/2023,bumbum24,2023-05-15T14:19:26Z,"lo-fi,lo-fi beats",Soave lo-fi,129375,21,0.576,0.318,0,-17.295,1,0.0479,0.925,0.866,0.35,0.241,81.968,4
4yq1w5q6VsDx2mUJmebD55,Amélie,Amélie,insømnia,2/23/2023,bumbum24,2023-05-15T14:19:26Z,lo-fi,Soave lo-fi,144000,40,0.723,0.313,11,-9.677,0,0.0483,0.766,0.896,0.111,0.225,79.99,4
5rCF7pbwM7IScOCS2UWOny,Past Lives - Chill,Past Lives (Chill),"Cavaro,Kylah,Jin Jin",10/19/2024,1232607050,2024-12-06T15:02:53Z,lo-fi,LOW FREQS,163000,27,0.776,0.191,3,-16.681,1,0.0348,0.949,0.962,0.155,0.173,118.065,4
6zYZnPRfJc20fNVIGjFOAM,Treat You Better,Treat You Better,"Peaceful Melody,soave lofi",2/23/2023,bumbum24,2023-05-15T14:19:26Z,lo-fi,Soave lo-fi,119288,35,0.771,0.234,1,-11.196,1,0.0385,0.94,0.924,0.107,0.289,116.022,4
7MbscKa2p8LIjp6XP27UGO,Treat Yourself,Treat Yourself,Smooth Vanilla,2/23/2023,bumbum24,2023-05-15T14:19:26Z,,Soave lo-fi,112946,24,0.674,0.527,4,-9.001,0,0.0364,0.06,0.901,0.128,0.381,84.98,4
2nWCeWhpO1SHfB7hj88vfj,Kids,Kids,"Your Magnolia,Paul Indigo",2/16/2023,bumbum24,2023-05-15T14:19:26Z,"lo-fi,lo-fi beats,jazz beats",Soave lo-fi,132992,21,0.564,0.198,1,-16.848,1,0.0344,0.863,0.755,0.101,0.139,67.965,4
6qtar2BUshxOmMGR1hzcgz,abcdefu,abcdefu,"Peaceful Melody,soave lofi",2/9/2023,bumbum24,2023-05-15T14:19:26Z,lo-fi,Soave lo-fi,131481,34,0.706,0.362,9,-10.826,1,0.0535,0.939,0.955,0.096,0.186,80.998,4
52Tl5TlgYtrmQoZ49bmE1g,Yanchep Lagoon,Yanchep Lagoon,"Velvet Echo,Lofi Serenade",11/1/2024,1232607050,2025-02-20T03:38:15Z,,Soave lo-fi,122000,31,0.692,0.414,11,-11.574,1,0.0715,0.894,0.943,0.107,0.153,88.017,4
7l9qYwNuDnNzwXw1mu7a3y,Starlight,Starlight,"Velvet Echo,Lofi Serenade",8/29/2024,1232607050,2025-02-20T03:38:20Z,,Soave lo-fi,105000,10,0.782,0.216,9,-9.942,0,0.238,0.899,0.948,0.114,0.477,164.9,4
18IvS0g0RtkTqAQICJe3FH,Love Is Around,Love Is Around,"Velvet Echo,Lofi Serenade",10/25/2024,1232607050,2025-02-20T03:38:26Z,,Soave lo-fi,152000,9,0.733,0.129,1,-9.678,1,0.107,0.879,0.96,0.118,0.653,90.056,4
7G4SijGhcB7YyKw8cgWA2J,Dream of Colour,Dream of Colour,"Velvet Echo,Lofi Serenade",10/3/2024,1232607050,2025-02-20T03:38:31Z,,Soave lo-fi,203750,8,0.672,0.296,0,-11.411,1,0.0871,0.863,0.952,0.111,0.571,173.441,4
5SVuaFhwO4Fxc6ZrPLjarR,Walking By Your Side,Walking By Your Side,"Velvet Echo,Lofi Serenade",2/14/2025,1232607050,2025-02-20T03:38:40Z,,Soave lo-fi,141446,7,0.661,0.195,9,-16.62,1,0.0707,0.965,0.959,0.11,0.334,153.961,4
4FPjJXeiTz95187sISlWrG,Your Hugs Are,Your Hugs Are,"Velvet Echo,Lofi Serenade",2/7/2025,1232607050,2025-02-20T03:38:53Z,,Soave lo-fi,134000,6,0.679,0.142,2,-18.817,1,0.041,0.962,0.959,0.178,0.303,80.056,4
4jDAsP3nnzWfZBwWYpex8y,Ready For Life,Ready For Life,"Velvet Echo,Lofi Serenade",1/31/2025,1232607050,2025-02-20T03:38:58Z,,Soave lo-fi,120000,12,0.586,0.225,2,-19.409,1,0.0392,0.975,0.956,0.112,0.201,81.119,4
7bcxcgRdWFgWXSywEHE4Dw,Stars Align,Stars Align,"Velvet Echo,Lofi Serenade",1/24/2025,1232607050,2025-02-20T03:39:02Z,,Soave lo-fi,132000,6,0.483,0.18,9,-19.089,1,0.0763,0.911,0.967,0.0919,0.203,193.998,4
37wvmI6h6xorFIVLmmHSMp,Back Home,Back Home,"Velvet Echo,Lofi Serenade",1/17/2025,1232607050,2025-02-20T03:39:06Z,,Soave lo-fi,140500,6,0.783,0.107,4,-17.803,0,0.0478,0.897,0.953,0.106,0.216,130.211,4
7Ap5QZnzjVosTq59oEBg8u,It Was All Worth It,It Was All Worth It,"Velvet Echo,Lofi Serenade",1/10/2025,1232607050,2025-02-20T03:39:09Z,,Soave lo-fi,143170,6,0.728,0.367,2,-10.821,1,0.0682,0.941,0.924,0.104,0.289,79.982,4
1w4qoF8XeqPIRP4AkjOepm,Bedroom And Game,Bedroom And Game,"Velvet Echo,Lofi Serenade",1/3/2025,1232607050,2025-02-20T03:39:12Z,,Soave lo-fi,128000,6,0.582,0.134,6,-13.055,0,0.0613,0.984,0.956,0.106,0.856,167.956,4
76vaRD1WrXKka2b8oMUZbq,My Furry Friend,My Furry Friend,"Velvet Echo,Lofi Serenade",12/27/2024,1232607050,2025-02-20T03:39:17Z,,Soave lo-fi,140000,5,0.799,0.189,4,-13.796,1,0.0456,0.966,0.967,0.111,0.151,83.061,4
4YXscPldCLo0EMyqcRwh9K,Good Habits,Good Habits,"Velvet Echo,Lofi Serenade",12/20/2024,1232607050,2025-02-20T03:39:20Z,,Soave lo-fi,121000,6,0.736,0.138,0,-12.71,1,0.0668,0.963,0.968,0.0919,0.79,89.976,4
4Q9Zr765LzRbRJdLdLdknG,Sunday Afternoon,Sunday Afternoon,"Velvet Echo,Lofi Serenade",12/13/2024,1232607050,2025-02-20T03:39:24Z,,Soave lo-fi,178320,5,0.69,0.144,7,-12.423,0,0.0918,0.941,0.972,0.101,0.589,87.978,4
6Fs2DJZUrGtKMl6SF1Xtt9,Remember Who,Remember Who,"Velvet Echo,Lofi Serenade",12/6/2024,1232607050,2025-02-20T03:39:28Z,,Soave lo-fi,133500,6,0.686,0.43,0,-9.943,0,0.0411,0.919,0.888,0.113,0.435,81.963,4
1wEqyYwfhOPz6bppCpeMZQ,Everything Is Fine,Everything Is Fine,"Velvet Echo,Lofi Serenade",11/29/2024,1232607050,2025-02-20T03:39:32Z,,Soave lo-fi,115000,6,0.743,0.223,1,-8.964,0,0.0805,0.92,0.937,0.105,0.646,172.113,4
7nfMx0yrQrr5v0TF30iCus,Just Left,Just Left,"Velvet Echo,Lofi Serenade",11/22/2024,1232607050,2025-02-20T03:39:36Z,,Soave lo-fi,118560,6,0.687,0.247,11,-11.357,0,0.0769,0.909,0.95,0.0805,0.293,169.933,4
34gciSyK7JI1OzJhc4ixrb,Around The Corner,Around The Corner,"Velvet Echo,Lofi Serenade",11/15/2024,1232607050,2025-02-20T03:39:40Z,,Soave lo-fi,138720,6,0.702,0.339,6,-9.212,0,0.0658,0.96,0.949,0.11,0.76,80.031,4
0GjXkfnRRaQDPJ3zsYKbN8,Reactions,Reactions,"Velvet Echo,Lofi Serenade",11/8/2024,1232607050,2025-02-20T03:39:44Z,,Soave lo-fi,106420,7,0.571,0.684,9,-10.419,1,0.0484,0.836,0.886,0.107,0.0395,180.078,4
0KsGP6NfF2qw0PII9ojzfr,Airplane Thoughts,Airplane Thoughts,"Velvet Echo,Lofi Serenade",10/18/2024,1232607050,2025-02-20T03:39:54Z,,Soave lo-fi,105000,5,0.694,0.306,6,-9.798,0,0.0577,0.872,0.964,0.0973,0.175,153.031,4
2DUsBKzAB0PxqjWKXF3kU7,Ten Year Old Me,Ten Year Old Me,"Velvet Echo,Lofi Serenade",10/11/2024,1232607050,2025-02-20T03:39:59Z,,Soave lo-fi,139500,5,0.742,0.245,7,-13.395,0,0.109,0.77,0.958,0.147,0.333,79.991,4
1jcbWXAYdjnWUsUIks7usz,Privacy,Privacy,"Velvet Echo,Lofi Serenade",9/26/2024,1232607050,2025-02-20T03:40:09Z,,Soave lo-fi,219922,7,0.73,0.235,2,-8.165,1,0.0699,0.893,0.926,0.265,0.51,93.003,4
5ZKE1Pga0LpqjbFquYOaZq,Swim at Night,Swim at Night,"Velvet Echo,Lofi Serenade",9/19/2024,1232607050,2025-02-20T03:40:13Z,,Soave lo-fi,103000,5,0.74,0.335,2,-8.88,1,0.0611,0.687,0.946,0.109,0.667,85.054,4
7EV9fKnN4dQKxo07Vv1ORJ,Grandma Tales,Grandma Tales,"Velvet Echo,Lofi Serenade",9/12/2024,1232607050,2025-02-20T03:40:17Z,,Soave lo-fi,131080,6,0.605,0.328,11,-10.053,0,0.0728,0.817,0.961,0.128,0.499,180.009,4
00SGGD9MO3fYSFsotklN9z,Night Table,Night Table,"Velvet Echo,Lofi Serenade",9/5/2024,1232607050,2025-02-20T03:40:20Z,,Soave lo-fi,138500,5,0.757,0.209,0,-10.681,1,0.0741,0.946,0.956,0.147,0.491,140.028,4
21MchqyxjuKqGKEWPMyJvo,Boxhis,Boxhis,"mussac,Velvet Echo,Lofi Serenade",2/29/2024,1232607050,2025-02-20T03:40:34Z,lo-fi,Soave lo-fi,171000,5,0.759,0.19,5,-14.504,1,0.116,0.704,0.826,0.144,0.224,79.996,4
274Rxke4w0h6Dx39SRtZrL,Evergreen,Evergreen,"Cosmic Koala,Lucid Keys,soave lofi",2/9/2023,bumbum24,2023-05-15T14:19:26Z,lo-fi,Soave lo-fi,159248,16,0.394,0.417,1,-12.165,1,0.0582,0.731,0.919,0.0821,0.0673,110.268,1
3fWe6y8CFaz631XthS5uRS,Manchezter,Manchezter,"Lofries,soave lofi",2/2/2023,bumbum24,2023-05-15T14:19:26Z,"jazz beats,lo-fi",Soave lo-fi,129600,27,0.591,0.528,9,-10.087,1,0.0815,0.742,0.193,0.0864,0.0825,75.023,3
2camWXCxvsBd2iiIyngsI2,Love Is,Love Is,"Your Magnolia,Paul Indigo",2/2/2023,bumbum24,2023-05-15T14:19:26Z,"lo-fi,lo-fi beats,jazz beats",Soave lo-fi,96277,19,0.541,0.15,9,-18.711,0,0.0302,0.921,0.861,0.107,0.145,108.072,4
1YZB3ZFpD0BrqDYomjNcQr,Crystal Reflections,Crystal Reflections,"The Floating Whale,soave lofi",1/12/2023,bumbum24,2023-05-15T14:19:26Z,"lo-fi,lo-fi beats",Soave lo-fi,136000,27,0.632,0.353,8,-12.141,1,0.0466,0.944,0.859,0.134,0.257,75.031,4
1ZWxxNcU90AKhxuwLXmZTs,Leaving,Leaving,Lucid Keys,1/12/2023,bumbum24,2023-05-15T14:19:26Z,lo-fi,Soave lo-fi,143027,13,0.583,0.191,9,-17.375,1,0.032,0.982,0.947,0.108,0.0784,113.282,4
1V0bNKKbGysfBVCOpoLh94,Lovecharm,Lovecharm,"Your Magnolia,Paul Indigo,soave lofi",1/19/2023,bumbum24,2023-05-15T14:19:26Z,"lo-fi,lo-fi beats,jazz beats",Soave lo-fi,135812,20,0.533,0.227,0,-17.949,1,0.0355,0.903,0.892,0.117,0.206,119.737,4
0MmZEI5tdOgSwHn5W7NkHA,Mélødie,Mélødie,insømnia,1/26/2023,bumbum24,2023-05-15T14:19:26Z,lo-fi,Soave lo-fi,129332,29,0.681,0.355,9,-9.49,0,0.122,0.669,0.85,0.127,0.237,90.011,4
301sBnHAC6ZGtOUmfrdiku,Payphone,Payphone,"Peaceful Melody,soave lofi",1/26/2023,bumbum24,2023-05-15T14:19:26Z,lo-fi,Soave lo-fi,146142,37,0.618,0.209,8,-15.972,0,0.0359,0.898,0.921,0.113,0.271,140.033,4
0WC7STYOT2VXyghrioGCpH,P.D.A. (We Just Don't Care),P.D.A. (We Just Don't Care),Flott.,1/26/2023,bumbum24,2023-05-15T14:19:26Z,lo-fi,Soave lo-fi,134333,12,0.663,0.419,11,-10.696,1,0.0462,0.915,0.942,0.104,0.0927,89.934,4
1hLQOe4W8KnkHrRVKpWn1u,Lying On Sand,Lying On Sand,"PBdR,Paul Indigo,soave lofi",1/5/2023,bumbum24,2023-05-15T14:19:26Z,"jazz beats,lo-fi",Soave lo-fi,135162,24,0.568,0.323,0,-12.531,1,0.0767,0.445,0.935,0.189,0.0975,75.05,4
6ldtbpI7B9s07YzPRniCWN,Honey Bee Delight,Honey Bee Delight,"Mister Decaf,soave lofi",1/5/2023,bumbum24,2023-05-15T14:19:26Z,"jazz beats,lo-fi,lo-fi beats",Soave lo-fi,160000,30,0.67,0.436,2,-10.033,1,0.0615,0.89,0.881,0.091,0.218,150.023,4
1ZnCFjLTWDmibtepG0qaAC,Can't Be Bothered,Can't Be Bothered,"Velvet Echo,Lofi Serenade",2/28/2025,1232607050,2025-03-01T07:20:09Z,,Soave lo-fi,115375,7,0.911,0.256,11,-16.888,0,0.123,0.644,0.946,0.104,0.421,100,4
4Df6nY6xuGXWp0cPPfOStg,Jazzy Night,Jazzy Night,"Velvet Echo,Lofi Serenade",2/21/2025,1232607050,2025-03-01T07:20:11Z,,Soave lo-fi,129000,6,0.573,0.195,3,-16.202,0,0.0568,0.892,0.955,0.116,0.143,160.034,4
5SKc5JJS6gH89cY7dPiQiB,Waiting All Night,Waiting All Night,"Peaceful Melody,soave lofi",12/29/2022,bumbum24,2023-05-15T14:19:26Z,lo-fi,Soave lo-fi,116363,34,0.704,0.387,6,-9.197,0,0.0297,0.903,0.815,0.107,0.355,131.872,4
6pQ5kK8I5SRl7TfYhWoeb8,Spillschoul,Spillschoul,h v i s k e,10/27/2022,bumbum24,2023-05-15T14:19:26Z,,Soave lo-fi,118400,22,0.53,0.276,0,-11.248,1,0.0751,0.72,0.888,0.175,0.329,149.86,4
6c05XxvI8KdDCvntneW1yd,L'aube,L'aube,"Your Magnolia,Dimension 32",12/8/2022,bumbum24,2023-05-15T14:19:26Z,"lo-fi,lo-fi beats",Soave lo-fi,149250,15,0.342,0.117,8,-19.86,1,0.0396,0.941,0.912,0.116,0.0349,59.888,4
6CJ5YJVLZmFoA8DTvawxuV,Lori,Lori,Navelpluis,12/22/2022,bumbum24,2023-05-15T14:19:26Z,lo-fi,Soave lo-fi,124044,14,0.592,0.205,1,-17.314,1,0.137,0.911,0.734,0.154,0.662,88.427,4
6ba8lv49ovJlrBW9exTDJN,Improvised Picnic,Improvised Picnic,"PBdR,Paul Indigo,soave lofi",12/22/2022,bumbum24,2023-05-15T14:19:26Z,"jazz beats,lo-fi",Soave lo-fi,125000,28,0.702,0.35,5,-13.468,1,0.0657,0.869,0.879,0.113,0.369,143.907,4
14NI2HR2Oa0GyvjF3SHT4R,Sunny Day,Sunny Day,"Mike Beating,Paul Indigo,soave lofi",12/8/2022,bumbum24,2023-05-15T14:19:26Z,"jazz beats,lo-fi",Soave lo-fi,135652,26,0.765,0.36,11,-10.093,1,0.0623,0.673,0.828,0.0993,0.461,92.002,4
7rJtnC36LIn2faOY55y7wJ,Rescue Me,Rescue Me,"Peaceful Melody,soave lofi",12/15/2022,bumbum24,2023-05-15T14:19:26Z,lo-fi,Soave lo-fi,146250,35,0.694,0.566,11,-7.084,0,0.0289,0.842,0.88,0.0935,0.275,136.018,4
10oF2fmuXtGaU4gVlPqXAr,Cassette,Cassette,"mussac,Velvet Echo,Lofi Serenade",2/22/2024,1232607050,2025-02-23T04:01:20Z,lo-fi,Soave lo-fi,156923,4,0.811,0.479,11,-11.09,0,0.26,0.528,0.909,0.0895,0.129,78.043,4
0odsRHY2wlLvbTFE17YYp1,Cozzzy,Cozzzy,"mussac,Velvet Echo,Lofi Serenade",2/15/2024,1232607050,2025-02-23T04:01:24Z,lo-fi,Soave lo-fi,135529,4,0.692,0.464,5,-11.729,1,0.232,0.803,0.92,0.0932,0.635,169.874,4
1bFBLnoqJPwA5Pin5LVl1y,Sad,Sad,"mussac,Velvet Echo,Lofi Serenade",2/8/2024,1232607050,2025-02-23T04:01:28Z,lo-fi,Soave lo-fi,108000,4,0.745,0.37,2,-14.759,1,0.122,0.854,0.965,0.106,0.5,80.072,4
3Y10KoTTRdFRBzdARqefG8,Luna,Luna,"mussac,Velvet Echo,Lofi Serenade",2/1/2024,1232607050,2025-02-23T04:01:31Z,lo-fi,Soave lo-fi,112941,4,0.608,0.504,2,-11.008,0,0.0404,0.215,0.909,0.113,0.295,85.02,4
3T31mDDFp6IEx62U07ctrT,Moonwa,Moonwa,"mussac,Velvet Echo,Lofi Serenade",1/25/2024,1232607050,2025-02-23T04:01:35Z,lo-fi,Soave lo-fi,168888,4,0.692,0.0947,5,-17.339,0,0.19,0.769,0.92,0.111,0.199,81.024,4
17dd8xanyzo5wLEVzhoYad,Teabro,Teabro,"mussac,Velvet Echo,Lofi Serenade",1/18/2024,1232607050,2025-02-23T04:01:39Z,lo-fi,Soave lo-fi,156000,4,0.648,0.213,3,-17.801,0,0.0544,0.652,0.915,0.114,0.124,160.044,4
5pMR7vXxzpjdtu7eUiaRZG,Wolf,Wolf,"mussac,Velvet Echo,Lofi Serenade",1/11/2024,1232607050,2025-02-23T04:01:42Z,lo-fi,Soave lo-fi,132000,4,0.727,0.248,11,-16.525,0,0.0756,0.684,0.902,0.0961,0.472,79.981,4
78kPNzep2RsciQNrrH2jAR,Wump,Wump,"mussac,Velvet Echo,Lofi Serenade",11/2/2023,1232607050,2025-02-23T04:01:45Z,lo-fi,Soave lo-fi,160000,4,0.766,0.371,1,-12.911,1,0.138,0.894,0.906,0.443,0.283,77.987,4
4mfPIZTjnOuBPmWDP0jsCw,Immersive,Immersive,"mussac,Velvet Echo,Lofi Serenade",10/26/2023,1232607050,2025-02-23T04:01:48Z,lo-fi,Soave lo-fi,115068,4,0.86,0.15,4,-12.48,1,0.268,0.884,0.955,0.109,0.859,145.985,4
6Ol6mMNMHPSR8hBzThfIg2,Lullaby,Lullaby,"mussac,Velvet Echo,Lofi Serenade",10/19/2023,1232607050,2025-02-23T04:01:52Z,lo-fi,Soave lo-fi,123037,4,0.847,0.2,7,-12.83,0,0.36,0.945,0.414,0.109,0.68,158.144,4
5XFCJD8EcQC36q4zsKtPmQ,Overs,Overs,"mussac,Velvet Echo,Lofi Serenade",10/12/2023,1232607050,2025-02-23T04:01:55Z,lo-fi,Soave lo-fi,128780,4,0.741,0.224,0,-15.517,1,0.0642,0.324,0.854,0.114,0.643,81.993,4
3rpAIL8PamyKMyz70nSeaZ,Statedise Solo,Statedise Solo,"mussac,Velvet Echo,Lofi Serenade",9/28/2023,1232607050,2025-02-23T04:01:58Z,lo-fi,Soave lo-fi,120000,4,0.833,0.124,11,-17.577,1,0.108,0.169,0.945,0.104,0.369,81.988,4
1IkyiIdEYQnURqGiMLeJvY,Sunday,Sunday,"mussac,Velvet Echo,Lofi Serenade",9/14/2023,1232607050,2025-02-23T04:02:01Z,lo-fi,Soave lo-fi,157974,4,0.817,0.168,11,-13.124,1,0.124,0.499,0.901,0.105,0.485,158.144,4
7y3X2iNRqkCDq9Bn8dzwRo,Vintage,Vintage,"mussac,Velvet Echo,Lofi Serenade",8/31/2023,1232607050,2025-02-23T04:02:05Z,lo-fi,Soave lo-fi,112941,6,0.833,0.478,4,-13.714,1,0.254,0.424,0.918,0.104,0.491,169.919,4
2CgohONWkpRQGP4ofAjha5,Waves,Waves,"mussac,Velvet Echo,Lofi Serenade",8/17/2023,1232607050,2025-02-23T04:02:09Z,lo-fi,Soave lo-fi,101647,4,0.449,0.0864,2,-15.307,0,0.14,0.822,0.971,0.11,0.579,152.802,1
3qN7w4zb4J9vRr2DeKgVmB,Waxy,Waxy,"mussac,Velvet Echo,Lofi Serenade",8/3/2023,1232607050,2025-02-23T04:02:12Z,lo-fi,Soave lo-fi,114284,11,0.708,0.433,5,-8.944,1,0.239,0.69,0.835,0.0882,0.256,167.903,4
33qBoFahbn5GsLgSth8llE,Barcaloona,Barcaloona,Lofries,12/15/2022,bumbum24,2023-05-15T14:19:26Z,"jazz beats,lo-fi",Soave lo-fi,121846,20,0.66,0.435,7,-9.726,1,0.0265,0.0235,0.219,0.104,0.291,130.074,4
3d6FguZMyRwZjDyaAt3GxL,Metanoia,Metanoia,jüle.,12/1/2022,bumbum24,2023-05-15T14:19:26Z,"jazz beats,lo-fi,lo-fi beats",Soave lo-fi,153841,27,0.706,0.216,8,-15.143,0,0.0508,0.894,0.903,0.105,0.15,81.996,4
2gh4d0lUmaM6kiPmO5VbQG,Bora Bora,Bora Bora,"PBdR,soave lofi",12/1/2022,bumbum24,2023-05-15T14:19:26Z,"jazz beats,lo-fi",Soave lo-fi,122117,41,0.836,0.501,9,-10.124,0,0.0673,0.878,0.859,0.448,0.71,84.989,4
22zs5OQfRRPNRqCvllBDAo,Yangshuwo,Yangshuwo,Lofries,11/17/2022,bumbum24,2023-05-15T14:19:26Z,"jazz beats,lo-fi",Soave lo-fi,161250,18,0.725,0.618,10,-9.992,1,0.0628,0.486,0.225,0.113,0.37,139.862,4
6E59TjhvClo923WfICEYBU,Midday,Midday,Melt On,11/24/2022,bumbum24,2023-05-15T14:19:26Z,"lo-fi beats,lo-fi",Soave lo-fi,139200,11,0.58,0.322,8,-11.162,1,0.0308,0.976,0.908,0.147,0.2,75.016,4
51I9JEmrfSFmcz0Kw6xjNS,As Long As You Love Me,As Long As You Love Me,"Peaceful Melody,soave lofi",11/24/2022,bumbum24,2023-05-15T14:19:26Z,lo-fi,Soave lo-fi,116417,30,0.603,0.402,9,-9.779,0,0.0316,0.865,0.941,0.311,0.305,134.034,4
1SLz0KceWUDBXNKQpK2VAh,Cafe de France,Cafe de France,J CANNONS,11/3/2022,bumbum24,2023-05-15T14:19:26Z,melbourne bounce,Soave lo-fi,189333,18,0.446,0.457,6,-10.684,0,0.0368,0.586,0.714,0.127,0.182,100.659,3
1pvSMxjRqHzDDwSdjOwLbX,Empyreal,Empyreal,Dimension 32,9/8/2022,bumbum24,2023-05-15T14:19:26Z,"lo-fi,lo-fi beats",Soave lo-fi,143955,29,0.577,0.0728,9,-18.207,1,0.0299,0.984,0.876,0.0924,0.142,134.014,4
5rk8yGrnwfEyLzxhjcrlmq,Light Of Day,Light Of Day,Kewlie,9/1/2022,bumbum24,2023-05-15T14:19:26Z,"lo-fi beats,jazz rap,lo-fi",Soave lo-fi,138352,30,0.803,0.366,9,-9.189,0,0.0853,0.517,0.881,0.0936,0.36,92.974,4
2MkEG8Zci7wvIFfJp6i1Rg,Overpass Graffiti,Overpass Graffiti,"Peaceful Melody,soave lofi",9/1/2022,bumbum24,2023-05-15T14:19:26Z,lo-fi,Soave lo-fi,108800,30,0.629,0.372,0,-9.997,1,0.0356,0.929,0.934,0.106,0.263,75.02,4
4x1AAO6tB9tI7zxRE4by6f,Stay With Me,Stay With Me,yourneighborsclassicbeats,8/25/2022,bumbum24,2023-05-15T14:19:26Z,"lo-fi,lo-fi beats",Soave lo-fi,123433,18,0.554,0.245,1,-9.055,1,0.0795,0.681,0.795,0.121,0.268,158.883,4
6CrOi0YsjuIbVMvtEomcyD,Eden,Eden,"Lullaby,soave lofi",8/25/2022,bumbum24,2023-05-15T14:19:26Z,lo-fi,Soave lo-fi,126857,18,0.531,0.552,3,-9.326,0,0.0289,0.749,0.691,0.165,0.143,140.036,4
3gBnmlTKVkAL0JnclQuz8s,Let It Go,Let It Go,"Banks,Cosmic Koala,Lucid Keys",8/18/2022,bumbum24,2023-05-15T14:19:26Z,"lo-fi,lo-fi beats",Soave lo-fi,155882,27,0.555,0.316,1,-17.665,1,0.0601,0.936,0.883,0.106,0.0605,67.992,4
6CM5QFNEsiy53WsmGMCWBf,Freedomland,Let It Go,"Banks,Cosmic Koala,Lucid Keys",8/18/2022,bumbum24,2023-05-15T14:19:26Z,"lo-fi,lo-fi beats",Soave lo-fi,145459,7,0.617,0.193,3,-16.254,0,0.0332,0.923,0.308,0.0743,0.17,106.058,4
46nWvN2oPdZRNmmV4KAa9v,Dream Life,Let It Go,"Banks,Cosmic Koala,Lucid Keys",8/18/2022,bumbum24,2023-05-15T14:19:26Z,"lo-fi,lo-fi beats",Soave lo-fi,158152,11,0.625,0.255,11,-16.977,1,0.0514,0.854,0.908,0.11,0.106,134.011,5
79wIBFw0IWTwoGj9R4g6Ww,First Crush,Let It Go,"Banks,Cosmic Koala,Lucid Keys",8/18/2022,bumbum24,2023-05-15T14:19:26Z,"lo-fi,lo-fi beats",Soave lo-fi,135671,9,0.62,0.341,4,-11.926,1,0.0409,0.697,0.464,0.114,0.361,134.032,4
5X9jS1tU1Hv2yPh4dGC1HH,Caribbean Latte,Caribbean Latte,"Mister Decaf,soave lofi",8/11/2022,bumbum24,2023-05-15T14:19:26Z,"jazz beats,lo-fi,lo-fi beats",Soave lo-fi,138352,45,0.735,0.514,7,-10.429,1,0.0631,0.277,0.856,0.0929,0.622,170.109,4
68R0fvE7qpHxdTtMFRnn9W,Escape To The Sky,Escape To The Sky,Dimension 32,8/11/2022,bumbum24,2023-05-15T14:19:26Z,"lo-fi,lo-fi beats",Soave lo-fi,169600,16,0.73,0.217,0,-12.994,1,0.0348,0.92,0.849,0.147,0.0568,74.983,4
1E5gES1ms01jbmsqrQGIM2,I Took A Pill In Ibiza,I Took A Pill In Ibiza,"Peaceful Melody,soave lofi",8/4/2022,bumbum24,2023-05-15T14:19:26Z,lo-fi,Soave lo-fi,138857,32,0.727,0.437,7,-8.736,1,0.0336,0.933,0.963,0.145,0.135,139.933,4
1k5YVlxasftRf2r596sxrx,Gourmet Delivery,Gourmet Delivery,"Lil Gromit,soave lofi",8/4/2022,bumbum24,2023-05-15T14:19:26Z,"jazz beats,lo-fi,lo-fi beats",Soave lo-fi,129882,29,0.644,0.278,0,-17.304,1,0.192,0.895,0.726,0.158,0.361,97.712,4
6hAQzmsTMphFN42XNklYUj,Melancholia,Melancholia,"Lullaby,soave lofi",7/28/2022,bumbum24,2023-05-15T14:19:26Z,lo-fi,Soave lo-fi,109714,23,0.653,0.172,4,-19.599,1,0.0388,0.942,0.922,0.0949,0.217,140.157,3
5JGC7Yqk4DDVwlLQQvEL1H,After Midnight,After Midnight,"yourneighborsclassicbeats,Cherubba",7/28/2022,bumbum24,2023-05-15T14:19:26Z,"lo-fi,lo-fi beats",Soave lo-fi,135303,20,0.605,0.538,4,-9.736,1,0.036,0.724,0.923,0.155,0.292,96.04,3
0YNVsowpOPrBvgvcu8lQtO,Insouciance,Insouciance,"Banks,Cosmic Koala",7/21/2022,bumbum24,2023-05-15T14:19:26Z,"lo-fi,lo-fi beats",Soave lo-fi,127169,17,0.706,0.263,0,-12.628,1,0.037,0.734,0.0117,0.121,0.0819,106.125,4
44Kc9nwUDHa9WGy7pTGlGl,Looking For You,Insouciance,"Banks,Cosmic Koala",7/21/2022,bumbum24,2023-05-15T14:19:26Z,"lo-fi,lo-fi beats",Soave lo-fi,125767,14,0.608,0.402,7,-13.505,1,0.031,0.835,0.802,0.103,0.0648,140,4
0R6GACHmAE2m1uql5J8cXI,Sweet Meetings,Insouciance,"Banks,Cosmic Koala",7/21/2022,bumbum24,2023-05-15T14:19:26Z,"lo-fi,lo-fi beats",Soave lo-fi,144366,10,0.614,0.317,7,-12.064,1,0.0315,0.789,0.211,0.0934,0.038,140.045,4
2yQGBorQyTRA58acH8eRT8,Our Home,Insouciance,"Banks,Cosmic Koala",7/21/2022,bumbum24,2023-05-15T14:19:26Z,"lo-fi,lo-fi beats",Soave lo-fi,128437,10,0.745,0.243,0,-13.502,1,0.042,0.756,0.306,0.11,0.155,120.034,4
52uwU02JCY30rM54V4ZSnt,Kiley,Kiley,Navelpluis,7/14/2022,bumbum24,2023-05-15T14:19:26Z,lo-fi,Soave lo-fi,161657,14,0.65,0.254,0,-16.957,0,0.0541,0.95,0.624,0.227,0.318,97.952,1
7xE8Diw7JdnyhZZ5g41NJ0,yesterday,yesterday,"vlows,lumberjack",7/14/2022,bumbum24,2023-05-15T14:19:26Z,"lo-fi beats,lo-fi",Soave lo-fi,127235,45,0.778,0.29,8,-11.511,0,0.098,0.157,0.96,0.0736,0.61,169.917,4
41yAys1ygJVYyi5zedcPO5,Jazzy Wave,Jazzy Wave,yourneighborsclassicbeats,6/30/2022,bumbum24,2023-05-15T14:19:26Z,"lo-fi,lo-fi beats",Soave lo-fi,126302,46,0.646,0.398,4,-10.185,1,0.0797,0.407,0.773,0.112,0.663,80.023,4
6Nf2hRgsPVTZj3wRWJP9gf,Mermaid,Mermaid,"Lullaby,soave lofi",6/30/2022,bumbum24,2023-05-15T14:19:26Z,lo-fi,Soave lo-fi,113142,45,0.604,0.285,0,-15.252,0,0.028,0.979,0.873,0.118,0.261,140.106,4
6TXmmUwyetV6I5SP4IUW1N,hi luana,evolve,"Cavaro,Jin Jin,Kylah",8/17/2024,1232607050,2024-12-06T15:02:53Z,lo-fi,LOW FREQS,94500,24,0.544,0.18,11,-16.056,0,0.0451,0.947,0.959,0.121,0.45,142.118,4
2uDhZ5L575SPV54APhwPCm,Tomorrows,Tomorrows,"David Tam,Louis Desca,soave lofi",6/23/2022,bumbum24,2023-05-15T14:19:26Z,"jazz beats,lo-fi",Soave lo-fi,130500,15,0.433,0.27,4,-15.464,0,0.0573,0.934,0.893,0.102,0.127,79.098,4
0WmybSdTn2batENOVw1BWH,between us,between us,blvque,6/16/2022,bumbum24,2023-05-15T14:19:26Z,,Soave lo-fi,132674,9,0.644,0.463,2,-10.98,0,0.0651,0.384,0.881,0.0936,0.542,180.085,5
6fsI4M4W1hyoXnNi9kAqDO,Garcia,Garcia,Navelpluis,6/16/2022,bumbum24,2023-05-15T14:19:26Z,lo-fi,Soave lo-fi,130169,11,0.709,0.363,5,-9.531,1,0.0428,0.926,0.878,0.132,0.494,177.027,3
0WRhbIpP5pq5CzNPjfRlY9,please don't go,please don't go,"zaan.,soave lofi",6/9/2022,bumbum24,2023-05-15T14:19:26Z,lo-fi,Soave lo-fi,152544,15,0.616,0.305,5,-16.093,1,0.0438,0.943,0.903,0.126,0.0519,105.016,3
2ctz9N2BtI5OAwspStKkLC,Strawberry Milkshake,Strawberry Milkshake,"Mister Decaf,soave lofi",6/9/2022,bumbum24,2023-05-15T14:19:26Z,"jazz beats,lo-fi,lo-fi beats",Soave lo-fi,171000,50,0.336,0.622,2,-8.309,0,0.0342,0.32,0.862,0.0866,0.175,79.775,4
693vyVv3mf033MEXOleCoY,Showcase,Showcase,"yourneighborsclassicbeats,Vittorialo",6/2/2022,bumbum24,2023-05-15T14:19:26Z,"lo-fi,lo-fi beats",Soave lo-fi,120479,19,0.712,0.488,2,-9.496,0,0.38,0.835,0.742,0.0976,0.243,159.951,4
56Q8y078on6RIgepPB5Nqo,Miss Your Touch,Miss Your Touch,"Peaceful Melody,soave lofi",6/2/2022,bumbum24,2023-05-15T14:19:26Z,lo-fi,Soave lo-fi,122553,30,0.489,0.301,1,-15.109,0,0.0379,0.754,0.811,0.103,0.123,187.954,4
0c5pvXeNgNM5FNkZppU0KV,moving mountains,moving mountains,blvque,5/26/2022,bumbum24,2023-05-15T14:19:26Z,,Soave lo-fi,122897,10,0.763,0.399,4,-10.547,0,0.0865,0.479,0.889,0.0974,0.231,82.998,4
039WVuRcKoFtG2rs3ca4wb,Jada,Jada,Navelpluis,5/19/2022,bumbum24,2023-05-15T14:19:26Z,lo-fi,Soave lo-fi,153846,21,0.836,0.454,4,-9.764,0,0.052,0.81,0.919,0.091,0.495,77.979,4
2QoTK0gTO7WHmDq7XKAt8O,Washingtone,Washingtone,Lofries,5/19/2022,bumbum24,2023-05-15T14:19:26Z,"jazz beats,lo-fi",Soave lo-fi,154647,20,0.672,0.687,9,-7.233,0,0.0456,0.54,0.872,0.104,0.225,142.002,4
0ZYFPP9o4A94WnPLI4EzSA,First Drink,First Drink,yourneighborsclassicbeats,5/12/2022,bumbum24,2023-05-15T14:19:26Z,"lo-fi,lo-fi beats",Soave lo-fi,116875,23,0.619,0.337,0,-8.793,0,0.142,0.719,0.0864,0.112,0.226,69.598,4
45atCi3vYyXtz9ijskqGN5,Mr. Brightside,Mr. Brightside,"Peaceful Melody,soave lofi",5/12/2022,bumbum24,2023-05-15T14:19:26Z,lo-fi,Soave lo-fi,124137,49,0.606,0.311,1,-11.672,1,0.0294,0.908,0.866,0.11,0.158,116.009,4
2RMAjsXuwCQibre9yBNjFq,Just A Neutron Star,Just A Neutron Star,The Floating Whale,5/5/2022,bumbum24,2023-05-15T14:19:26Z,"lo-fi,lo-fi beats",Soave lo-fi,151343,20,0.606,0.692,2,-8.314,1,0.0323,0.551,0.89,0.064,0.0992,134.102,4
6j9pFncaS3ig47IrQoCIZt,hold me,hold me,blvque,5/5/2022,bumbum24,2023-05-15T14:19:26Z,,Soave lo-fi,110406,22,0.496,0.252,8,-19.176,1,0.0388,0.802,0.879,0.116,0.0388,75.133,4
7G3iBI3qwlhuFYHZ2uLIA9,Payday,Payday,"Lo-Fi Luke,Marc Brave",4/28/2022,bumbum24,2023-05-15T14:19:26Z,"lo-fi,lo-fi beats",Soave lo-fi,149250,23,0.671,0.401,2,-14.85,1,0.0974,0.783,0.722,0.177,0.406,80.017,4
25YXuoEjxt8mPjilPh0oCu,Just the Way You Are,Just the Way You Are,"Peaceful Melody,soave lofi",4/28/2022,bumbum24,2023-05-15T14:19:26Z,lo-fi,Soave lo-fi,168000,48,0.744,0.244,5,-12.3,1,0.0382,0.979,0.942,0.119,0.104,139.894,4
4d5CVSSy0qQ55Hp6jYqAR3,Digital World,Digital World,insømnia,4/21/2022,bumbum24,2023-05-15T14:19:26Z,lo-fi,Soave lo-fi,129166,25,0.602,0.506,7,-11.171,1,0.137,0.937,0.906,0.115,0.61,180.103,4
6RfoF7SCGPdIiGhB9Ui570,Jazzy Afternoon,Peaceful Weekend,"Cavaro,Kylah,Jin Jin",1/16/2025,1232607050,2025-01-28T18:06:41Z,lo-fi,LOW FREQS,158250,26,0.609,0.36,0,-10.634,1,0.0356,0.978,0.897,0.0979,0.268,70.006,4
7xIONLBEuuXdjd9KFGxUWz,Ghost,Ghost,"Peaceful Melody,soave lofi",1/27/2022,bumbum24,2023-05-15T14:19:26Z,lo-fi,Soave lo-fi,119600,44,0.653,0.266,2,-11.948,1,0.029,0.972,0.941,0.11,0.111,113.941,4
3LaagRymIHK8AlKOoJibEY,Lake And Love,Peaceful Weekend,"Cavaro,Kylah,Jin Jin",1/16/2025,1232607050,2025-01-28T18:06:41Z,lo-fi,LOW FREQS,110100,23,0.784,0.294,5,-8.87,0,0.0336,0.951,0.835,0.134,0.393,89.938,4
0hdpPEmnzp2p5kQLHZxAGK,SUNDAY WALK,SUNDAY WALK,"MOOD boy,sleen.",1/27/2022,bumbum24,2023-05-15T14:19:26Z,"lo-fi beats,jazz beats,lo-fi",Soave lo-fi,114963,15,0.73,0.339,0,-8.675,1,0.046,0.15,0.0533,0.318,0.471,135.917,4
5Yp5DhYpBr3JagDJWECYCH,Peaceful Moment,Peaceful Weekend,"Cavaro,Kylah,Jin Jin",1/16/2025,1232607050,2025-01-28T18:06:41Z,lo-fi,LOW FREQS,96920,23,0.764,0.461,0,-8.346,1,0.0833,0.933,0.965,0.102,0.559,81.007,4
45nJ7a8rPbePFuMWFV6oB1,Sidnie,Sidnie,Lofries,1/20/2022,bumbum24,2023-05-15T14:19:26Z,"jazz beats,lo-fi",Soave lo-fi,108000,20,0.536,0.549,1,-9.82,0,0.153,0.522,0.691,0.165,0.558,79.847,1
4wNMwj9EEnj0LYCu3xxDpM,Unstable Feelings,Unstable Feelings,"Cavaro,Kylah,Jin Jin",12/14/2024,1232607050,2025-01-28T18:06:41Z,lo-fi,LOW FREQS,185000,22,0.5,0.17,2,-16.263,1,0.0349,0.935,0.95,0.111,0.0988,140.002,4
5nAgUYQyqZ2tMc3GzADahV,Head In The Clouds,Head In The Clouds,Mr. Jello,1/20/2022,bumbum24,2023-05-15T14:19:26Z,"jazz beats,lo-fi,lo-fi beats",Soave lo-fi,140259,13,0.626,0.548,9,-11.41,0,0.0533,0.421,0.755,0.162,0.261,153.756,4
0OJnFnCsjb1CaGA4xRp9TS,Pink Lemonade,Pink Lemonade,"Temple,soave lofi",1/14/2022,bumbum24,2023-05-15T14:19:26Z,lo-fi,Soave lo-fi,126593,23,0.75,0.572,10,-8.557,1,0.134,0.743,0.767,0.121,0.285,91.003,4
5X9BXKPM97oC3rU15mJtD9,Celestial,Celestial,"Lullaby,soave lofi",1/14/2022,bumbum24,2023-05-15T14:19:26Z,lo-fi,Soave lo-fi,115263,14,0.771,0.484,1,-12.535,1,0.107,0.572,0.905,0.109,0.357,151.954,4
4tGOQleTe4gmnwnM1wpq2R,ONLY HOPE,ONLY HOPE,"sleen.,MOOD boy",1/14/2022,bumbum24,2023-05-15T14:19:26Z,"lo-fi beats,lo-fi,jazz beats",Soave lo-fi,169510,21,0.667,0.352,4,-9.883,1,0.0883,0.579,0.838,0.106,0.353,142.793,4
7fEvCGQNiMAJ0CMHTAKDiZ,Driving Down The Boulevard,Driving Down The Boulevard,"Peaceful Melody,soave lofi",1/7/2022,bumbum24,2023-05-15T14:19:26Z,lo-fi,Soave lo-fi,153846,29,0.598,0.185,4,-8.882,0,0.0286,0.925,0.902,0.0999,0.248,78.02,4
4p5o7K6dujOUhVTrFTdkmg,ISHIKARI,ISHIKARI,"sleen.,MOOD boy",12/31/2021,bumbum24,2023-05-15T14:19:26Z,"lo-fi beats,lo-fi,jazz beats",Soave lo-fi,171428,19,0.682,0.417,9,-8.478,1,0.0562,0.594,0.918,0.239,0.537,139.99,4
6yHWniVJGH1QWnrIMcdzOn,This City,This City,"Peaceful Melody,soave lofi",12/17/2021,bumbum24,2023-05-15T14:19:26Z,lo-fi,Soave lo-fi,146086,20,0.459,0.331,11,-8.286,1,0.0435,0.96,0.82,0.102,0.325,68.146,4
78H76YLeDBsnMJHbNbp9W9,Repeat It (Not The Same),Repeat It (Not The Same),HUSBAND,12/17/2021,bumbum24,2023-05-15T14:19:26Z,,Soave lo-fi,114545,21,0.816,0.487,0,-12.697,1,0.0927,0.247,0.935,0.117,0.544,153.98,4
1mLv3Utf9WKi6TsDMJMxSv,Vega,Vega,"Lullaby,soave lofi",12/17/2021,bumbum24,2023-05-15T14:19:26Z,lo-fi,Soave lo-fi,115324,16,0.657,0.35,2,-10.752,1,0.103,0.783,0.956,0.124,0.524,76.938,4
5wS5RPUhAddiY01dd957u2,Every Breath You Take - Lofi,Every Breath You Take (Lofi),"Cavaro,Kylah,Jin Jin",1/23/2025,1232607050,2025-01-22T13:08:08Z,lo-fi,LOW FREQS,142000,25,0.775,0.325,8,-11.726,1,0.0449,0.892,0.927,0.11,0.363,120.027,4
3oIx6ehyCnc0HgiZ0DwW3E,Immense Love,Immense Love,"Cavaro,Kylah,Jin Jin",2/6/2025,1232607050,2025-02-05T14:55:34Z,lo-fi,LOW FREQS,119000,22,0.56,0.183,4,-18.166,0,0.041,0.968,0.937,0.133,0.366,136.003,4
0s6W33fvJIDTNPWN8bR2De,Heartbeat,Heartbeat,"Cavaro,Kylah,Jin Jin",3/4/2025,1232607050,2025-03-04T15:26:38Z,lo-fi,LOW FREQS,126000,29,0.695,0.308,2,-13.303,1,0.0463,0.832,0.934,0.424,0.319,79.993,4
5r1svv82Z1ZNOxeWxu7bxz,Good And Wise,Good And Wise,"Cavaro,Kylah,Jin Jin",2/13/2025,1232607050,2025-02-12T15:53:50Z,lo-fi,LOW FREQS,159000,26,0.656,0.369,0,-11.414,1,0.0702,0.947,0.962,0.113,0.395,144.008,4
2vSJzCf3X2Gq0A9igSYncT,Cozy Livingroom,Cozy Livingroom,"Cavaro,Kylah,Jin Jin",3/21/2025,1232607050,2025-03-20T17:17:09Z,lo-fi,LOW FREQS,132000,28,0.737,0.317,1,-9.478,1,0.267,0.957,0.932,0.189,0.178,170.008,4
1vNbA1wlyQNJN1h8ES39HV,oz,oz,"Jin Jin,mussac,Cavaro",12/1/2022,1232607050,2024-12-06T15:02:53Z,lo-fi,RKJ Distribution,108292,24,0.47,0.29,2,-17.168,1,0.0511,0.915,0.933,0.111,0.291,79.317,4
5rXdiBYEsyxBI9a8lj6oUN,In The End,In The End,"Cavaro,Kylah,Jin Jin",12/12/2023,1232607050,2024-12-06T15:02:53Z,lo-fi,LOW FREQS,165000,24,0.676,0.389,4,-13.292,0,0.0345,0.949,0.93,0.125,0.0673,80.04,4
0qIFFDEhWRAF179O8TKpAl,five more minutes with you,evolve,"Cavaro,Jin Jin,Kylah",8/17/2024,1232607050,2024-12-06T15:02:53Z,lo-fi,LOW FREQS,115500,23,0.339,0.202,2,-12.762,1,0.0402,0.927,0.962,0.111,0.251,81.453,4
7h5r2SLg8OKZ4vj2q6LFhe,Good Vibe Is The Vibe,Positive Minds,"Cavaro,Kylah,Jin Jin",10/26/2024,1232607050,2024-12-06T15:02:53Z,lo-fi,LOW FREQS,117250,28,0.734,0.287,2,-10.505,0,0.0879,0.966,0.959,0.109,0.315,76.003,4
2awuabEMyerU50B0m146dj,Slow Down And Relax,Everyday,"Cavaro,Kylah,Jin Jin",2/20/2025,1232607050,2025-02-20T13:14:14Z,lo-fi,LOW FREQS,149595,21,0.668,0.29,0,-9.975,1,0.0411,0.981,0.957,0.127,0.36,78.483,4
0QgomF1VRfXPqCwC8wMVhE,Long Thought,Long Thought,"Cavaro,Kylah,Jin Jin",3/25/2025,1232607050,2025-03-24T11:31:08Z,lo-fi,LOW FREQS,173000,22,0.573,0.181,2,-10.86,1,0.048,0.936,0.965,0.113,0.187,180.079,4
3f9JvBQSCKkWMRtY7U0U4Y,Dopamine And Good Moments,Everyday,"Cavaro,Kylah,Jin Jin",2/20/2025,1232607050,2025-02-20T13:14:14Z,lo-fi,LOW FREQS,122683,19,0.794,0.213,11,-11.781,1,0.0476,0.904,0.963,0.104,0.468,159.978,4
7Epb5SJieq6zX2eAGsjwMG,Think And Act,Everyday,"Cavaro,Kylah,Jin Jin",2/20/2025,1232607050,2025-02-20T13:14:14Z,lo-fi,LOW FREQS,127588,21,0.594,0.406,10,-12.869,1,0.0533,0.969,0.936,0.102,0.498,154.991,4
14Ck8wm41bMHDnqLih6REq,Sweet And Pleasant,Everyday,"Cavaro,Kylah,Jin Jin",2/20/2025,1232607050,2025-02-20T13:14:14Z,lo-fi,LOW FREQS,93594,20,0.681,0.249,6,-10.587,1,0.0499,0.875,0.925,0.105,0.144,77.757,4
6QB7zDgeusJGqcCWET2M8G,Hello And Goodbye,Everyday,"Cavaro,Kylah,Jin Jin",2/20/2025,1232607050,2025-02-20T13:14:14Z,lo-fi,LOW FREQS,152815,17,0.219,0.148,4,-18.978,1,0.0373,0.989,0.955,0.109,0.234,151.964,4
3MKrAFJjFechLcZsOC92go,Chilling And Dreaming,Everyday,"Cavaro,Kylah,Jin Jin",2/20/2025,1232607050,2025-02-20T13:14:14Z,lo-fi,LOW FREQS,154849,28,0.635,0.185,9,-10.644,1,0.0364,0.946,0.958,0.109,0.287,169.984,4
2OCD0ouUB1bsn1HwBEYuFf,Hope And Passion,Everyday,"Cavaro,Kylah,Jin Jin",2/20/2025,1232607050,2025-02-20T13:14:14Z,lo-fi,LOW FREQS,158500,22,0.687,0.247,9,-11.482,0,0.0533,0.962,0.97,0.11,0.577,87.031,4
4JVslWSumSoYcrqZBjKRn4,Kisses And Hugs,Everyday,"Cavaro,Kylah,Jin Jin",2/20/2025,1232607050,2025-02-20T13:14:14Z,lo-fi,LOW FREQS,84500,16,0.398,0.192,2,-17.375,1,0.0678,0.987,0.955,0.111,0.293,141.558,4
0elsee0t2PODbxX6J7jlp7,Abstract And Logic,Everyday,"Cavaro,Kylah,Jin Jin",2/20/2025,1232607050,2025-02-20T13:14:14Z,lo-fi,LOW FREQS,100000,16,0.317,0.237,0,-17.865,1,0.0405,0.987,0.954,0.114,0.337,142.23,3
2k56WVQ1wXfMnGQKcZ8bww,The Beginning And The End,Everyday,"Cavaro,Kylah,Jin Jin",2/20/2025,1232607050,2025-02-20T13:14:14Z,lo-fi,LOW FREQS,209796,18,0.332,0.232,4,-14.369,0,0.0435,0.974,0.96,0.11,0.346,95.242,4
4lmNcyJCd2xIYU1IELMxVI,young and beautiful,young and beautiful,"Cavaro,Kylah,Jin Jin",2/11/2024,1232607050,2024-12-06T15:02:53Z,lo-fi,LOW FREQS,181714,20,0.657,0.312,11,-15.799,0,0.0411,0.886,0.921,0.102,0.279,139.985,4
6HXQ9fFBFpQteSfNLJad4H,Stages,Stages,"Cavaro,Jin Jin",10/26/2023,1232607050,2024-12-06T15:02:53Z,lo-fi,LOW FREQS,146206,21,0.698,0.287,4,-14.793,1,0.0511,0.845,0.855,0.132,0.322,174.084,4
3vwg6DZdr3uWQOv330jxqP,sunset,peaceful afternoon,"Cavaro,Kylah,Jin Jin",7/28/2023,1232607050,2024-12-06T15:02:53Z,lo-fi,LOW FREQS,164210,16,0.591,0.329,4,-10.37,0,0.0351,0.0957,0.899,0.0978,0.351,76.004,4
1ri4OHe6IkkqHTXvqUHrCW,momento,momento,"Jin Jin,mussac",12/10/2022,1232607050,2024-12-06T15:02:53Z,lo-fi,RKJ Distribution,129332,17,0.817,0.435,1,-11.204,1,0.181,0.657,0.923,0.127,0.398,89.998,4
5neXDJ9BhBTP0VH4y52R3H,don't think twice,some more stories,"Cavaro,Kylah,Jin Jin",8/27/2024,1232607050,2024-12-06T15:02:53Z,lo-fi,LOW FREQS,112500,21,0.531,0.394,6,-14.18,1,0.0469,0.931,0.948,0.113,0.453,146.114,3
3kR42zRr4PX60pkTpYxrc8,times are changing fast,some more stories,"Cavaro,Kylah,Jin Jin",8/27/2024,1232607050,2024-12-06T15:02:53Z,lo-fi,LOW FREQS,111000,19,0.688,0.459,8,-16.548,0,0.0534,0.842,0.952,0.102,0.65,149.982,4
0zZJUYbtaR175RmC0EBpX3,no rush at all,occasional thoughts,"Kylah,Cavaro,Jin Jin",8/20/2024,1232607050,2024-12-06T15:02:53Z,lo-fi,LOW FREQS,131000,21,0.741,0.562,9,-8.809,1,0.0539,0.915,0.968,0.119,0.388,93.021,4
0ENbKnnOjuKOTV3TILudoB,myself,some more stories,"Cavaro,Kylah,Jin Jin",8/27/2024,1232607050,2024-12-06T15:02:53Z,lo-fi,LOW FREQS,166313,16,0.46,0.255,2,-20.658,1,0.0525,0.98,0.959,0.122,0.19,179.943,3
1q7NguCZ7TDCx004ZqFcS3,I Would Show You All,If We Lived Beyond,"Cavaro,Kylah,Jin Jin",9/25/2024,1232607050,2024-12-06T15:02:53Z,lo-fi,LOW FREQS,110080,15,0.45,0.157,0,-18.984,1,0.0391,0.989,0.955,0.133,0.465,124.221,3
1Oc5IMKaaDilFKCXtqfFBg,intense feelings,some more stories,"Cavaro,Kylah,Jin Jin",8/27/2024,1232607050,2024-12-06T15:02:53Z,lo-fi,LOW FREQS,152960,17,0.628,0.325,0,-13.064,1,0.0662,0.917,0.956,0.112,0.749,144.982,4
2JU2EC0rO8sTBA7eVGjRpa,orange sky,occasional thoughts,"Kylah,Cavaro,Jin Jin",8/20/2024,1232607050,2024-12-06T15:02:53Z,lo-fi,LOW FREQS,89500,17,0.777,0.137,4,-11.429,0,0.0979,0.899,0.889,0.105,0.301,74.999,4
7oIkkMiJsEiLvF441Z0rkV,your eyes are honey,some more stories,"Cavaro,Kylah,Jin Jin",8/27/2024,1232607050,2024-12-06T15:02:53Z,lo-fi,LOW FREQS,66760,20,0.686,0.241,5,-18.731,1,0.0773,0.953,0.963,0.107,0.097,120.986,3
2C1RICLcaUStbsxJ0mmzSZ,Daydream Trance,If We Lived Beyond,"Cavaro,Kylah,Jin Jin",9/25/2024,1232607050,2024-12-06T15:02:53Z,lo-fi,LOW FREQS,89240,16,0.647,0.237,8,-12.791,1,0.0502,0.973,0.957,0.118,0.471,161.948,4
0zcGiHSTVzozvrxpM0SPFe,Every Day Gift,If We Lived Beyond,"Cavaro,Kylah,Jin Jin",9/25/2024,1232607050,2024-12-06T15:02:53Z,lo-fi,LOW FREQS,118000,18,0.569,0.519,5,-9.161,1,0.034,0.428,0.953,0.353,0.0973,79.99,4
4QXF4M8WS579W903Di2A1M,Deep Brown Eyes,In My Soul,"Kylah,Cavaro,Jin Jin",10/30/2024,1232607050,2024-12-06T15:02:53Z,lo-fi,LOW FREQS,122000,21,0.762,0.231,2,-11.824,1,0.0708,0.935,0.965,0.117,0.179,173.983,4
2MLthuJ2BzSjP9KJsoeS5U,Energy Hug,If We Lived Beyond,"Cavaro,Kylah,Jin Jin",9/25/2024,1232607050,2024-12-06T15:02:53Z,lo-fi,LOW FREQS,100000,18,0.534,0.219,2,-14.067,1,0.0639,0.951,0.958,0.097,0.0701,172.012,4
7je1dWYQPAhsRS0x32QXSs,Echoes Of Your Soul,In My Soul,"Kylah,Cavaro,Jin Jin",10/30/2024,1232607050,2024-12-06T15:02:53Z,lo-fi,LOW FREQS,142000,21,0.636,0.375,11,-13.596,1,0.0408,0.811,0.924,0.1,0.559,140.133,4
4ZPubUfuH9Qg8qkA3ZECWZ,Beyond Infinity,If We Lived Beyond,"Cavaro,Kylah,Jin Jin",9/25/2024,1232607050,2024-12-06T15:02:53Z,lo-fi,LOW FREQS,99500,16,0.668,0.311,7,-8.948,1,0.0804,0.981,0.967,0.112,0.904,160.05,4
0knpFV27iRqqj237R7x2KK,Paradise In My Mind,In My Soul,"Kylah,Cavaro,Jin Jin",10/30/2024,1232607050,2024-12-06T15:02:53Z,lo-fi,LOW FREQS,141500,22,0.745,0.204,4,-12.468,1,0.0994,0.968,0.949,0.098,0.203,169.098,4
0OeqYZRhiYPybshEf9j3e3,So Many Times,If We Lived Beyond,"Cavaro,Kylah,Jin Jin",9/25/2024,1232607050,2024-12-06T15:02:53Z,lo-fi,LOW FREQS,98710,15,0.711,0.181,4,-12.551,1,0.347,0.97,0.97,0.111,0.785,78.004,4
1mNMgGAXMK0lTFW1pujbIz,Smooth Emotion,In My Soul,"Kylah,Cavaro,Jin Jin",10/30/2024,1232607050,2024-12-06T15:02:53Z,lo-fi,LOW FREQS,117000,21,0.562,0.468,3,-11.261,1,0.0321,0.982,0.798,0.14,0.0768,170.024,4
6vRBvPXIOTqI1a5aCRrPDB,Scarborough Picnic,If We Lived Beyond,"Cavaro,Kylah,Jin Jin",9/25/2024,1232607050,2024-12-06T15:02:53Z,lo-fi,LOW FREQS,158328,16,0.655,0.557,11,-8.334,1,0.0654,0.931,0.96,0.163,0.429,158.05,4
79e8NwhxGV0ryeav2Vb0Sx,Remember The Nostalgia,In My Soul,"Kylah,Cavaro,Jin Jin",10/30/2024,1232607050,2024-12-06T15:02:53Z,lo-fi,LOW FREQS,121000,19,0.653,0.263,3,-9.489,0,0.0586,0.908,0.973,0.109,0.217,82.99,4
6JvDewjl2UbV23gs3dOXn6,Genlty Existence,If We Lived Beyond,"Cavaro,Kylah,Jin Jin",9/25/2024,1232607050,2024-12-06T15:02:53Z,lo-fi,LOW FREQS,128000,17,0.714,0.318,2,-12.99,1,0.0356,0.977,0.96,0.116,0.127,129.983,4
6p39j2SDlKxu6sl5KHS88C,mood,mood,"Jin Jin,Cavaro",9/16/2022,1232607050,2024-12-06T15:02:53Z,lo-fi,RKJ Distribution,163076,14,0.486,0.111,9,-13.229,1,0.0989,0.911,0.067,0.0867,0.394,159.563,4
2jHb9HIXFSzoOHuI1DvxeD,Good Times And Good Company,In My Soul,"Kylah,Cavaro,Jin Jin",10/30/2024,1232607050,2024-12-06T15:02:53Z,lo-fi,LOW FREQS,118710,17,0.724,0.401,0,-11.04,1,0.0833,0.959,0.97,0.107,0.659,155.005,4
0NliGy3w4SU70JZI1WyVMj,Reason And Emotion,If We Lived Beyond,"Cavaro,Kylah,Jin Jin",9/25/2024,1232607050,2024-12-06T15:02:53Z,lo-fi,LOW FREQS,180000,16,0.636,0.448,6,-14.362,0,0.107,0.971,0.964,0.145,0.157,165.028,4
2nkhxl1poUVmOQyyvYJmI6,Delicate Thoughts,If We Lived Beyond,"Cavaro,Kylah,Jin Jin",9/25/2024,1232607050,2024-12-06T15:02:53Z,lo-fi,LOW FREQS,108250,19,0.304,0.276,2,-11.613,1,0.0365,0.955,0.948,0.264,0.169,176.855,4
66WYtJ5jGXuCv8KnwN45RJ,Positive Minds,Positive Minds,"Cavaro,Kylah,Jin Jin",10/26/2024,1232607050,2024-12-06T15:02:53Z,lo-fi,LOW FREQS,85080,18,0.76,0.306,0,-10.583,1,0.217,0.944,0.952,0.0983,0.23,170.033,4
4V8HtjvJu08Oclk5dzuhui,So Happy About It,Positive Minds,"Cavaro,Kylah,Jin Jin",10/26/2024,1232607050,2024-12-06T15:02:53Z,lo-fi,LOW FREQS,147613,16,0.756,0.377,0,-8.929,1,0.036,0.917,0.944,0.11,0.248,79.975,4
7FydoDe5GvaLxF2n3aJ9v5,Morning Shower,Positive Minds,"Cavaro,Kylah,Jin Jin",10/26/2024,1232607050,2024-12-06T15:02:53Z,lo-fi,LOW FREQS,136000,14,0.63,0.193,2,-17.031,1,0.0654,0.981,0.97,0.113,0.533,170.16,4
3J6VoaYs9Zf1rsysxYmPt1,Chilling In My Bed,Positive Minds,"Cavaro,Kylah,Jin Jin",10/26/2024,1232607050,2024-12-06T15:02:53Z,lo-fi,LOW FREQS,114480,17,0.635,0.154,2,-14.501,1,0.0645,0.966,0.952,0.109,0.115,76.407,4
61AkghA6PEWiMpoVQxEErd,The Spark Within,Positive Minds,"Cavaro,Kylah,Jin Jin",10/26/2024,1232607050,2024-12-06T15:02:53Z,lo-fi,LOW FREQS,136000,15,0.437,0.334,5,-10.298,1,0.0441,0.854,0.921,0.109,0.222,85.94,4
1jDu24CZ87ECNR2bg7WbLg,what a life,what a life,"Cavaro,Jin Jin,Kylah",8/17/2023,1232607050,2024-12-06T15:02:53Z,lo-fi,LOW FREQS,178000,12,0.609,0.122,5,-16.234,0,0.0443,0.937,0.933,0.111,0.198,119.998,4
6kRHEmIt4JFqMpXzuHKE1v,not so worried about tomorrow,some more stories,"Cavaro,Kylah,Jin Jin",8/27/2024,1232607050,2024-12-06T15:02:53Z,lo-fi,LOW FREQS,183000,16,0.667,0.206,6,-11.318,1,0.0678,0.945,0.97,0.134,0.289,173.954,4
25vzJMlJYLKK9av29735FJ,heavy,heavy,"Jin Jin,mussac",4/12/2023,1232607050,2024-12-06T15:02:53Z,lo-fi,LOW FREQS,106691,13,0.664,0.746,0,-8.995,1,0.0611,0.853,0.888,0.0969,0.684,180.033,4
2xQNGABPDzHi34MfkQ2JTn,my beautiful green eyed brown cat,some more stories,"Cavaro,Kylah,Jin Jin",8/27/2024,1232607050,2024-12-06T15:02:53Z,lo-fi,LOW FREQS,124169,15,0.769,0.442,2,-10.096,1,0.0566,0.954,0.96,0.102,0.194,85.017,4
3Nwe1k2S48OJMQngGJQK3n,love after life,occasional thoughts,"Kylah,Cavaro,Jin Jin",8/20/2024,1232607050,2024-12-06T15:02:53Z,lo-fi,LOW FREQS,185000,16,0.606,0.354,5,-12.903,1,0.0379,0.875,0.927,0.107,0.123,169.992,4
2QikJBuGHXwZfKIYUc7wk1,diamonds,sunset love,"Jin Jin,mussac",12/19/2022,1232607050,2024-12-06T15:02:53Z,lo-fi,RKJ Distribution,120000,14,0.729,0.448,7,-11.316,1,0.0735,0.727,0.882,0.119,0.386,159.983,4
6bqRyiXcdHptPop1yjQbth,ignore or engage,some more stories,"Cavaro,Kylah,Jin Jin",8/27/2024,1232607050,2024-12-06T15:02:53Z,lo-fi,LOW FREQS,163780,20,0.65,0.326,0,-10.442,0,0.0411,0.981,0.954,0.116,0.627,170.144,4
2QZvAZffwutHopT8js9WJC,peace,positif,"Jin Jin,mussac",10/28/2022,1232607050,2024-12-06T15:02:53Z,lo-fi,RKJ Distribution,152225,10,0.725,0.0928,7,-26.054,1,0.102,0.729,0.902,0.116,0.246,82.025,4
7uB7zsIUvUCjLkO06uaYAw,my guitar is always with me,some more stories,"Cavaro,Kylah,Jin Jin",8/27/2024,1232607050,2024-12-06T15:02:53Z,lo-fi,LOW FREQS,117375,16,0.775,0.409,9,-10.068,1,0.0554,0.906,0.958,0.112,0.184,87.011,4
7qT4soA0GVv6WOZ6MQAAvx,our wedding photo album,"new life, same us",Kylah,9/20/2023,1232607050,2024-12-06T15:02:53Z,lo-fi,LOW FREQS,150000,12,0.801,0.076,11,-16.54,0,0.0428,0.261,0.885,0.104,0.202,139.99,4
08GcczT7rMyxbUF8Y4QBvA,morning routine,some more stories,"Cavaro,Kylah,Jin Jin",8/27/2024,1232607050,2024-12-06T15:02:53Z,lo-fi,LOW FREQS,114500,16,0.728,0.455,11,-9.794,0,0.0447,0.91,0.93,0.103,0.517,88.061,4
22S7KYAVb0wxhwn7pfL77t,years by your side,occasional thoughts,"Kylah,Cavaro,Jin Jin",8/20/2024,1232607050,2024-12-06T15:02:53Z,lo-fi,LOW FREQS,95000,19,0.779,0.368,11,-10.46,0,0.0477,0.938,0.955,0.114,0.372,74.993,4
0VFl3ueNJFlhaERKzK9RwR,adventures in another country,some more stories,"Cavaro,Kylah,Jin Jin",8/27/2024,1232607050,2024-12-06T15:02:53Z,lo-fi,LOW FREQS,102780,14,0.674,0.571,11,-11.177,0,0.05,0.894,0.967,0.134,0.635,160.007,4
09Ic681qLyz91aWh3QRerS,night thoughts,perception,"Cavaro,Jin Jin,Kylah",7/22/2023,1232607050,2024-12-06T15:02:53Z,lo-fi,LOW FREQS,135000,9,0.641,0.175,10,-21.781,1,0.0422,0.837,0.933,0.088,0.127,79.995,4
0rrbqQue2TB31rqX32UCzu,a place called home,some more stories,"Cavaro,Kylah,Jin Jin",8/27/2024,1232607050,2024-12-06T15:02:53Z,lo-fi,LOW FREQS,94750,13,0.63,0.324,1,-13.946,1,0.0837,0.892,0.924,0.112,0.269,74.996,4
5LNQ3iOX8eHrdKgokO2gAw,i can hear u,perception,"Cavaro,Jin Jin,Kylah",7/22/2023,1232607050,2024-12-06T15:02:53Z,lo-fi,LOW FREQS,142222,10,0.661,0.108,2,-23.59,1,0.0428,0.878,0.893,0.103,0.208,81.031,4
45ORFizWjNdlnK3vaxlODR,freeze this moment please,occasional thoughts,"Kylah,Cavaro,Jin Jin",8/20/2024,1232607050,2024-12-06T15:02:53Z,lo-fi,LOW FREQS,99000,26,0.704,0.13,4,-18.822,0,0.0654,0.896,0.965,0.109,0.0379,137.151,4
3dHJpzhptgM5KHUtyUqbB2,memories,love memories,"Jin Jin,mussac",1/5/2023,1232607050,2024-12-06T15:02:53Z,lo-fi,RKJ Distribution,103218,12,0.651,0.224,1,-14.319,1,0.0804,0.484,0.911,0.0859,0.163,159.958,4
3dRkaVHd3PCPjhlIPjqzfB,the gondola,one day in venice,"Jin Jin,mussac",12/15/2022,1232607050,2024-12-06T15:02:53Z,lo-fi,RKJ Distribution,135529,9,0.699,0.396,5,-16.415,0,0.589,0.642,0.822,0.131,0.384,170.02,4
7AN9aCjAcdMmH0IiyDkXRS,lobby with you,evolve,"Cavaro,Jin Jin,Kylah",8/17/2024,1232607050,2024-12-06T15:02:53Z,lo-fi,LOW FREQS,184250,13,0.673,0.417,10,-11.298,1,0.0743,0.876,0.966,0.116,0.536,170.018,4
42xrZKmZVU70wsWcS0UyyK,when i was a kid,perception,"Cavaro,Jin Jin,Kylah",7/22/2023,1232607050,2024-12-06T15:02:53Z,lo-fi,LOW FREQS,143376,9,0.714,0.158,6,-20.338,1,0.0632,0.572,0.776,0.112,0.369,77.017,4
5CivqkflFkf4k6sevXTjjt,never been happier waiting,evolve,"Cavaro,Jin Jin,Kylah",8/17/2024,1232607050,2024-12-06T15:02:53Z,lo-fi,LOW FREQS,149468,13,0.692,0.374,0,-11.692,0,0.0501,0.903,0.946,0.105,0.456,154.24,4
1GarJc9aqstTk8E4ALmQqt,lovers paradise,lovers paradise,"Jin Jin,mussac",6/27/2023,1232607050,2024-12-06T15:02:53Z,lo-fi,LOW FREQS,157942,9,0.754,0.196,1,-16.733,1,0.0334,0.85,0.864,0.115,0.0784,146.04,4
4vYsvFlz0FpGqpSroMIVPm,it is just a moment,evolve,"Cavaro,Jin Jin,Kylah",8/17/2024,1232607050,2024-12-06T15:02:53Z,lo-fi,LOW FREQS,113000,17,0.435,0.199,8,-14.965,0,0.0439,0.945,0.883,0.107,0.1,144.385,4
4sDo7lyIq4tgvDI3uys2sq,slow waltz,mindful,"Jin Jin,Kylah,mussac",6/30/2023,1232607050,2024-12-06T15:02:53Z,lo-fi,LOW FREQS,141923,10,0.634,0.0864,0,-20.885,1,0.0383,0.907,0.375,0.109,0.206,103.98,3
1H23hVL7bdRnQH43hcDeo6,everything has been healed,evolve,"Cavaro,Jin Jin,Kylah",8/17/2024,1232607050,2024-12-06T15:02:53Z,lo-fi,LOW FREQS,167640,12,0.641,0.349,8,-13.858,1,0.059,0.98,0.967,0.109,0.336,165.986,4
1Em54239kV9DDMrU0nzcBA,cats,cats,"Cavaro,Kylah,Jin Jin",8/25/2023,1232607050,2024-12-06T15:02:53Z,lo-fi,LOW FREQS,155844,12,0.781,0.315,8,-9.371,1,0.0974,0.62,0.811,0.0937,0.325,77.03,4
6rDethCAlscJK4f9wIzfvZ,fields,Thoughts,"Jin Jin,mussac",1/18/2023,1232607050,2024-12-06T15:02:53Z,lo-fi,LOW FREQS,108000,11,0.594,0.272,3,-18.4,1,0.0565,0.921,0.875,0.0933,0.0989,80.001,4
1CXnZUlCJtd63jbirJ64UP,too young,ages,"Jin Jin,Kylah,mussac",7/14/2023,1232607050,2024-12-06T15:02:53Z,lo-fi,LOW FREQS,128780,8,0.758,0.414,7,-14.212,1,0.0616,0.653,0.909,0.125,0.351,81.986,4
1qBxGKg3r0wF5M7pSoCN4F,facing the light,evolve,"Cavaro,Jin Jin,Kylah",8/17/2024,1232607050,2024-12-06T15:02:53Z,lo-fi,LOW FREQS,99500,17,0.529,0.308,8,-14.557,0,0.107,0.977,0.965,0.105,0.0771,173.973,4
4dXNtInHrWfCt3nBUkTjoL,drippin nature,endorphin,"Jin Jin,Kylah,mussac",6/29/2023,1232607050,2024-12-06T15:02:53Z,lo-fi,LOW FREQS,128571,9,0.776,0.146,8,-17.608,1,0.0995,0.854,0.947,0.219,0.349,84.035,4
0SoBqeOPStO6e9RahkqMVy,when the water flows,energy,"Jin Jin,Kylah",9/15/2023,1232607050,2024-12-06T15:02:53Z,lo-fi,LOW FREQS,150000,12,0.611,0.145,2,-20.11,1,0.0737,0.889,0.867,0.107,0.212,93.187,5
7vw1afMln1jZNKALrs8NOj,life is just the intro,evolve,"Cavaro,Jin Jin,Kylah",8/17/2024,1232607050,2024-12-06T15:02:53Z,lo-fi,LOW FREQS,68500,12,0.642,0.209,8,-12.631,1,0.064,0.982,0.968,0.106,0.962,73.966,4
1EQOxCAjlo1xmZ4ZbRrVPT,lofi hip,sleep,"Jin Jin,mussac",2/5/2023,1232607050,2024-12-06T15:02:53Z,lo-fi,LOW FREQS,84705,8,0.8,0.221,11,-17.419,0,0.41,0.246,0.813,0.112,0.685,170.198,4
7DfnAubH3CWil2zomXQlEs,life within your body,evolve,"Cavaro,Jin Jin,Kylah",8/17/2024,1232607050,2024-12-06T15:02:53Z,lo-fi,LOW FREQS,83000,16,0.682,0.258,8,-11.287,1,0.0443,0.935,0.875,0.105,0.0998,77.978,4
1lqjVMQm8YMxqZSpIiqyWq,love your keys,sleep,"Jin Jin,mussac",2/5/2023,1232607050,2024-12-06T15:02:53Z,lo-fi,LOW FREQS,99130,8,0.752,0.234,0,-11.462,1,0.346,0.939,0.141,0.114,0.931,183.899,4
0BVEf6zeiEhEAqh0I8SxdU,endorphin,endorphin,"Jin Jin,Kylah,mussac",6/29/2023,1232607050,2024-12-06T15:02:53Z,lo-fi,LOW FREQS,138461,10,0.507,0.122,10,-20.033,0,0.216,0.947,0.934,0.125,0.505,168.588,3
201KD9BWHdNkIx3s6Gm8Ef,too old,ages,"Jin Jin,Kylah,mussac",7/14/2023,1232607050,2024-12-06T15:02:53Z,lo-fi,LOW FREQS,99428,11,0.643,0.198,10,-17.813,1,0.0381,0.874,0.92,0.112,0.167,140.013,4
6a3EqK7PGCYBfHys9thNtC,hearted,endorphin,"Jin Jin,Kylah,mussac",6/29/2023,1232607050,2024-12-06T15:02:53Z,lo-fi,LOW FREQS,120000,10,0.681,0.125,1,-18.234,1,0.126,0.144,0.835,0.11,0.361,176.016,4
19G9ntDVisUYYUqb9f1TBP,mindful,mindful,"Jin Jin,Kylah,mussac",6/30/2023,1232607050,2024-12-06T15:02:53Z,lo-fi,LOW FREQS,126000,9,0.65,0.29,9,-13.572,0,0.0417,0.639,0.863,0.158,0.18,79.977,4
72Yp3Cs5JU3TaJFg659f0j,lonely and happy,perception,"Cavaro,Jin Jin,Kylah",7/22/2023,1232607050,2024-12-06T15:02:53Z,lo-fi,LOW FREQS,164571,8,0.549,0.174,0,-22.292,1,0.0887,0.893,0.929,0.111,0.26,69.953,4
0qW0FR8ddSjtgmq37oUCUJ,exts,endorphin,"Jin Jin,Kylah,mussac",6/29/2023,1232607050,2024-12-06T15:02:53Z,lo-fi,LOW FREQS,178285,9,0.685,0.289,11,-13.749,0,0.0589,0.863,0.885,0.0599,0.116,70.063,4
0wvwC3SLU8DlW8o1L8lMNJ,close my eyes and see u,perception,"Cavaro,Jin Jin,Kylah",7/22/2023,1232607050,2024-12-06T15:02:53Z,lo-fi,LOW FREQS,149268,8,0.613,0.175,7,-19.583,0,0.0467,0.813,0.777,0.102,0.261,164.005,4
2tC2ryJhQ9BJoOXecxINj1,tape cut,endorphin,"Jin Jin,Kylah,mussac",6/29/2023,1232607050,2024-12-06T15:02:53Z,lo-fi,LOW FREQS,106666,9,0.499,0.371,7,-8.604,1,0.405,0.934,0.91,0.105,0.316,179.814,4
5xDAQG1omqyUpRZ9hDj1wT,pls pay attention,perception,"Cavaro,Jin Jin,Kylah",7/22/2023,1232607050,2024-12-06T15:02:53Z,lo-fi,LOW FREQS,155844,8,0.614,0.196,8,-20.185,1,0.0679,0.765,0.889,0.09,0.322,71.344,4
12rYUtjRXjxMOrn2Y11ptV,beach,mindful,"Jin Jin,Kylah,mussac",6/30/2023,1232607050,2024-12-06T15:02:53Z,lo-fi,LOW FREQS,105600,9,0.843,0.568,2,-7.211,0,0.262,0.233,0.749,0.0768,0.462,74.978,4
1nutX9rIbsYWROZXFZYLhN,oh butterfly,perception,"Cavaro,Jin Jin,Kylah",7/22/2023,1232607050,2024-12-06T15:02:53Z,lo-fi,LOW FREQS,137142,9,0.764,0.203,7,-18.164,0,0.147,0.525,0.863,0.144,0.341,168.115,4
2mkKEyNI96g2RT1712O4XS,rain,mindful,"Jin Jin,Kylah,mussac",6/30/2023,1232607050,2024-12-06T15:02:53Z,lo-fi,LOW FREQS,130285,9,0.802,0.234,9,-10.612,0,0.058,0.851,0.912,0.0814,0.172,139.998,4
1owib5XHevNa1RkHChI876,Oh hey,peaceful afternoon,"Cavaro,Kylah,Jin Jin",7/28/2023,1232607050,2024-12-06T15:02:53Z,lo-fi,LOW FREQS,150000,9,0.901,0.156,0,-22.225,1,0.0854,0.078,0.683,0.0672,0.145,128.042,4
48bA6IJcExQrTpKrjBzliL,we used to have it all,"new life, same us",Kylah,9/20/2023,1232607050,2024-12-06T15:02:53Z,lo-fi,LOW FREQS,150000,8,0.735,0.242,11,-14.313,0,0.0414,0.245,0.907,0.111,0.202,140.075,4
4NtJhpKSEPhm0uOLlTHUeN,somtimes i think about it,perception,"Cavaro,Jin Jin,Kylah",7/22/2023,1232607050,2024-12-06T15:02:53Z,lo-fi,LOW FREQS,126486,7,0.702,0.216,5,-20.033,1,0.0425,0.778,0.915,0.105,0.338,73.989,4
1yINnKPPPPOsAjxgHlER4y,free time,peaceful afternoon,"Cavaro,Kylah,Jin Jin",7/28/2023,1232607050,2024-12-06T15:02:53Z,lo-fi,LOW FREQS,185000,11,0.645,0.194,4,-15.984,1,0.0383,0.149,0.884,0.0935,0.0845,144.001,3
6GlODwy6g02b65kDECIsDK,piano relax,sleep,"Jin Jin,mussac",2/5/2023,1232607050,2024-12-06T15:02:53Z,lo-fi,LOW FREQS,101646,8,0.743,0.383,0,-15.929,0,0.812,0.87,0.0335,0.107,0.13,84.948,4
0C1l5yY8NoMYRvlFN8DauD,caffeine or not,peaceful afternoon,"Cavaro,Kylah,Jin Jin",7/28/2023,1232607050,2024-12-06T15:02:53Z,lo-fi,LOW FREQS,163902,16,0.729,0.244,0,-16.366,1,0.0448,0.412,0.837,0.0911,0.225,81.998,4
1gwzVFD7dGFNjTl0lc4NoD,sunset sea,perception,"Cavaro,Jin Jin,Kylah",7/22/2023,1232607050,2024-12-06T15:02:53Z,lo-fi,LOW FREQS,131707,8,0.575,0.195,9,-20.55,1,0.0356,0.593,0.907,0.106,0.237,82.005,4
2biC8vVAWKNWVuOECSaXob,attic,myself,"Jin Jin,mussac",2/6/2023,1232607050,2024-12-06T15:02:53Z,lo-fi,LOW FREQS,112940,9,0.605,0.245,9,-19.702,0,0.445,0.936,0.878,0.116,0.742,84.766,4
5D8WxWDblUkZXHOMrbWtCQ,fell asleep,amazon,"Cavaro,Kylah,Jin Jin",7/31/2023,1232607050,2024-12-06T15:02:53Z,lo-fi,LOW FREQS,135211,7,0.587,0.0688,2,-20.442,1,0.0328,0.986,0.779,0.105,0.191,142.102,4
7yPMtIUDj1d3EIrMJVyYQi,peaceful afternoon,peaceful afternoon,"Cavaro,Kylah,Jin Jin",7/28/2023,1232607050,2024-12-06T15:02:53Z,lo-fi,LOW FREQS,144000,9,0.638,0.108,2,-24.614,0,0.0399,0.935,0.66,0.16,0.211,120.002,4
3AUCtT8PFDoLt953GKjT7L,perfect wake up,amazon,"Cavaro,Kylah,Jin Jin",7/31/2023,1232607050,2024-12-06T15:02:53Z,lo-fi,LOW FREQS,147200,7,0.678,0.162,6,-19.209,0,0.0404,0.941,0.906,0.127,0.175,74.998,4
0jy0xP0PRTbo8vxk0Sc4Le,maybe,maybe,"Jin Jin,mussac",2/24/2023,1232607050,2024-12-06T15:02:53Z,lo-fi,LOW FREQS,90352,9,0.648,0.544,1,-13.167,0,0.824,0.963,0.936,0.212,0.694,170.355,4
2egRxr1ByV2XkOR7rr5Jwh,river,amazon,"Cavaro,Kylah,Jin Jin",7/31/2023,1232607050,2024-12-06T15:02:53Z,lo-fi,LOW FREQS,147200,7,0.526,0.142,6,-19.854,0,0.303,0.969,0.752,0.113,0.329,150.117,4
7qBztp5Aiv9FTT0jxWSATl,chill by this rock,amazon,"Cavaro,Kylah,Jin Jin",7/31/2023,1232607050,2024-12-06T15:02:53Z,lo-fi,LOW FREQS,122926,7,0.777,0.2,10,-17.956,0,0.0445,0.647,0.73,0.0976,0.33,82.032,4
2JQzqEreIe2ajesgXfrIS4,super slow,lavender,"Jin Jin,mussac",5/30/2023,1232607050,2024-12-06T15:02:53Z,lo-fi,LOW FREQS,96000,7,0.916,0.0626,6,-18.98,0,0.189,0.681,0.873,0.118,0.679,90.002,4
2EMMfARRQsW0g1j1xMlKsl,clear sky,amazon,"Cavaro,Kylah,Jin Jin",7/31/2023,1232607050,2024-12-06T15:02:53Z,lo-fi,LOW FREQS,138795,7,0.719,0.163,3,-20.26,0,0.0854,0.897,0.62,0.0953,0.179,82.987,4
7ty5OIdaIyM0aDixzW8gCe,my last breath,perception,"Cavaro,Jin Jin,Kylah",7/22/2023,1232607050,2024-12-06T15:02:53Z,lo-fi,LOW FREQS,161052,7,0.701,0.104,8,-18.058,1,0.162,0.932,0.857,0.108,0.5,152.019,5
4zT1s82Ei76ciLl11yxhBM,way back,amazon,"Cavaro,Kylah,Jin Jin",7/31/2023,1232607050,2024-12-06T15:02:53Z,lo-fi,LOW FREQS,170126,7,0.597,0.0742,5,-21.208,0,0.0416,0.727,0.621,0.113,0.269,78.992,4
283D8hPqA3bzM9fOCaO33h,sleeper,sleep,"Jin Jin,mussac",2/5/2023,1232607050,2024-12-06T15:02:53Z,lo-fi,LOW FREQS,124234,8,0.831,0.256,6,-14.996,1,0.0687,0.97,0.926,0.0984,0.392,85.077,4
5UCnsnbGja583yn9MI2u4Q,when we were young,perception,"Cavaro,Jin Jin,Kylah",7/22/2023,1232607050,2024-12-06T15:02:53Z,lo-fi,LOW FREQS,145822,8,0.684,0.166,1,-17.657,1,0.0537,0.793,0.903,0.0935,0.449,79.025,4
3mL6LSLv2wH8uI7Di1rNId,inside my head,inside my head,"Cavaro,Jin Jin",8/28/2023,1232607050,2024-12-06T15:02:53Z,lo-fi,LOW FREQS,125538,6,0.744,0.231,5,-18.63,1,0.0527,0.463,0.842,0.0881,0.469,129.991,4
7giXz9l4hVCJ7gVlWLfvzv,animals yay,amazon,"Cavaro,Kylah,Jin Jin",7/31/2023,1232607050,2024-12-06T15:02:53Z,lo-fi,LOW FREQS,141666,7,0.746,0.135,11,-21.46,1,0.0555,0.85,0.94,0.112,0.269,144.032,4
3buUjz5h8dY1g3BlfIPNly,purpose,inside my head,"Cavaro,Jin Jin",8/28/2023,1232607050,2024-12-06T15:02:53Z,lo-fi,LOW FREQS,295890,7,0.665,0.254,3,-15.559,1,0.0419,0.633,0.601,0.107,0.0475,146.142,4
76IuEI55cgWq0vnPNSIHTE,nap,lavender,"Jin Jin,mussac",5/30/2023,1232607050,2024-12-06T15:02:53Z,lo-fi,LOW FREQS,79058,10,0.785,0.215,11,-13.942,1,0.149,0.343,0.455,0.0742,0.599,170.022,4
4QQcQE351SgtGwXNUymxb2,when im alone,inside my head,"Cavaro,Jin Jin",8/28/2023,1232607050,2024-12-06T15:02:53Z,lo-fi,LOW FREQS,328767,7,0.718,0.141,10,-17.378,1,0.23,0.758,0.8,0.104,0.0968,73.026,4
1EBwmR8U4c5LezKFst2pC0,good memories,amazon,"Cavaro,Kylah,Jin Jin",7/31/2023,1232607050,2024-12-06T15:02:53Z,lo-fi,LOW FREQS,163200,7,0.57,0.156,7,-18.939,0,0.0346,0.881,0.885,0.118,0.169,75.008,5
50KK5jpCnIF1ENllPxGlqp,what happens next,inside my head,"Cavaro,Jin Jin",8/28/2023,1232607050,2024-12-06T15:02:53Z,lo-fi,LOW FREQS,158769,7,0.848,0.24,2,-11.946,0,0.451,0.528,0.739,0.079,0.218,129.957,4
4nj65YjwRdrLNkYznHYZzV,perfect weather,peaceful afternoon,"Cavaro,Kylah,Jin Jin",7/28/2023,1232607050,2024-12-06T15:02:53Z,lo-fi,LOW FREQS,192000,8,0.702,0.183,7,-17.236,1,0.0498,0.114,0.168,0.0679,0.102,135.079,3
4ZR4sWoxRSwlBM7pMFvZWt,house wander,inside my head,"Cavaro,Jin Jin",8/28/2023,1232607050,2024-12-06T15:02:53Z,lo-fi,LOW FREQS,188307,7,0.866,0.262,5,-14.918,1,0.0452,0.44,0.839,0.347,0.152,130.018,4
5vVhABThyBFlw2E9h2WyoH,explore,amazon,"Cavaro,Kylah,Jin Jin",7/31/2023,1232607050,2024-12-06T15:02:53Z,lo-fi,LOW FREQS,126666,7,0.743,0.0757,6,-21.256,1,0.0595,0.749,0.9,0.11,0.11,144.019,4
5gLusvN6g9qMoRtifWUzip,atentamente,perception,"Cavaro,Jin Jin,Kylah",7/22/2023,1232607050,2024-12-06T15:02:53Z,lo-fi,LOW FREQS,141538,8,0.661,0.141,2,-20.043,1,0.0432,0.826,0.905,0.0785,0.419,77.996,4
004ST3UXYPmW820aTU8CM1,amazon,amazon,"Cavaro,Kylah,Jin Jin",7/31/2023,1232607050,2024-12-06T15:02:53Z,lo-fi,LOW FREQS,141000,6,0.818,0.318,5,-15.395,0,0.0567,0.431,0.863,0.0701,0.749,79.976,4
1y9stWnNHrHcXU0otyvax8,what if,peaceful afternoon,"Cavaro,Kylah,Jin Jin",7/28/2023,1232607050,2024-12-06T15:02:53Z,lo-fi,LOW FREQS,187826,8,0.73,0.257,1,-15.942,1,0.037,0.285,0.771,0.111,0.575,138.058,3
2OAXjnHaNQ3hjv5QH7Pl42,chopped,maybe,"Jin Jin,mussac",2/24/2023,1232607050,2024-12-06T15:02:53Z,lo-fi,LOW FREQS,112940,7,0.763,0.296,7,-11.744,1,0.44,0.836,0.938,0.11,0.246,170.126,4
0Cq8E8WCzGoYi5daGWcX1D,social media for a bit,peaceful afternoon,"Cavaro,Kylah,Jin Jin",7/28/2023,1232607050,2024-12-06T15:02:53Z,lo-fi,LOW FREQS,195164,8,0.68,0.319,1,-16.041,0,0.0496,0.471,0.79,0.105,0.325,136.629,3
0FdvS7P7MdwJUtk93hXCY5,we are real,perception,"Cavaro,Jin Jin,Kylah",7/22/2023,1232607050,2024-12-06T15:02:53Z,lo-fi,LOW FREQS,154074,7,0.693,0.136,11,-23.291,1,0.0929,0.894,0.895,0.0963,0.138,80.968,4
7A3HETC8kRCRFQMkECX0xV,lavender,lavender,"Jin Jin,mussac",5/30/2023,1232607050,2024-12-06T15:02:53Z,lo-fi,LOW FREQS,138958,7,0.688,0.322,6,-14.335,0,0.0809,0.548,0.899,0.177,0.13,78.018,4
0ITfUS9s3m22vVnmGvWrzQ,a lil sleepy,peaceful afternoon,"Cavaro,Kylah,Jin Jin",7/28/2023,1232607050,2024-12-06T15:02:53Z,lo-fi,LOW FREQS,147692,8,0.717,0.195,3,-20.727,1,0.0544,0.938,0.846,0.125,0.12,130.128,4
49MBps6HSpFPT1yuqgwgcC,i do my best,perception,"Cavaro,Jin Jin,Kylah",7/22/2023,1232607050,2024-12-06T15:02:53Z,lo-fi,LOW FREQS,121445,6,0.644,0.0667,5,-18.2,1,0.0471,0.844,0.623,0.0959,0.269,82.993,4
6yWxxnf1D7BhrcWsKCq1Nk,Dancing In The Moonlight - Lofi Mix,Dancing In The Moonlight (Lofi Mix),"Cavaro,Kylah,Jin Jin",4/4/2025,1232607050,2025-04-03T12:38:40Z,lo-fi,Cavaro,140000,0,0.802,0.41,9,-17.725,1,0.0607,0.981,0.971,0.111,0.624,120.01,5
